id,id_calon,kutipan,context_kutipan,tanggal,nama_sumber,judul_sumber,excerpt_sumber,url_sumber,format
0001,jw,"Buat saya yang sudah 4 kali Pilkada, ditekan seperti ini, diserang dan dicemooh sudah setiap hari. Aku rapopo",Saling sindir antar politisi menjelang pemungutan suara,2014-03-25,kaskus.co.id,kutipan-kutipan pak Jokowi,"Senin (24/3) lalu kepada wartawan calon presiden dari Partai Demokrasi Indonesia Perjuangan Joko Widodo dikonfirmasi mengenai sejumlah serangan yang diarahkan ke dia. Namun pria yang akrab disapa Jokowi itu hanya menjawab, ""Aku rapopo"".",http://news.detik.com/pemilu2014/read/2014/03/26/104354/2536960/1562/jokowi-aku-rapopo-prabowo-saya-juga-rapopo,
0002,jw,Saya pekerja bukan politisi,,2012-12-11,kaskus.co.id,kutipan-kutipan pak Jokowi,,http://www.kaskus.co.id/thread/50c6fb7a7b12430943000016/kutipan-kutipan-pak-joko-widodo-jokowi,
0003,jw,"Saya tidak peduli dengan penilaian orang lain, yang penting saya bekerja",,2012-12-11,kaskus.co.id,kutipan-kutipan pak Jokowi,,http://www.kaskus.co.id/thread/50c6fb7a7b12430943000016/kutipan-kutipan-pak-joko-widodo-jokowi,
0004,jw,"Saya tidak mau memuji diri sendiri, tidak baik",,2012-12-11,kaskus.co.id,kutipan-kutipan pak Jokowi,,http://www.kaskus.co.id/thread/50c6fb7a7b12430943000016/kutipan-kutipan-pak-joko-widodo-jokowi,
0005,jw,Amanah itu saya terima dengan sepenuh hati dan dengan penuh tanggung jawab saya,,2012-12-11,kaskus.co.id,kutipan-kutipan pak Jokowi,,http://www.kaskus.co.id/thread/50c6fb7a7b12430943000016/kutipan-kutipan-pak-joko-widodo-jokowi,
0006,jw,Ini semua rasa berterimakasih saya terhadap bangsa saya. Bangsa Indonesia,,2012-12-11,kaskus.co.id,kutipan-kutipan pak Jokowi,,http://www.kaskus.co.id/thread/50c6fb7a7b12430943000016/kutipan-kutipan-pak-joko-widodo-jokowi,
0007,jw,"Hidup adalah tantangan, jangan dengarkan omongan orang. Yang penting kerja, kerja dan kerja",,2012-12-11,kaskus.co.id,kutipan-kutipan pak Jokowi,,http://www.kaskus.co.id/thread/50c6fb7a7b12430943000016/kutipan-kutipan-pak-joko-widodo-jokowi,
0008,jw,"kerja akan menghasilkan sesuatu, sedangkan omongan orang lain hanya menghasilkan alasan",,2012-12-11,kaskus.co.id,kutipan-kutipan pak Jokowi,,http://www.kaskus.co.id/thread/50c6fb7a7b12430943000016/kutipan-kutipan-pak-joko-widodo-jokowi,
0009,jw,"Menegaskan penting dan strategisnya kesejahteraan rakyat dengan stabilitas politik dan pertumbuhan ekonomi. Mari satu padu melaksanakan pembangunan ekonomi, fisik, spiritual, pendidikan, serta meningkatkan investor dan dunia usaha",Jokowi berpidato dalam peringatan hari kemerdekaan yang digelar Pemprov DKI,2013-08-17,news.detik.com,Pidato Jokowi di Hari Kemerdekaan: Kutipan Soekarno dan Kestabilan Politik,"""Menegaskan penting dan strategisnya kesejahteraan rakyat dengan stabilitas politik dan pertumbuhan ekonomi. Mari satu padu melaksanakan pembangunan ekonomi, fisik, spiritual, pendidikan, serta meningkatkan investor dan dunia usaha,"" ujar Jokowi di Silang Monas, Jakarta Pusat, Sabtu (17/8/2013).",http://news.detik.com/read/2013/08/17/091942/2332712/10/pidato-jokowi-di-hari-kemerdekaan-kutipan-soekarno-dan-kestabilan-politik?nd771104bcj,artikel
0010,jw,"Bank petani harus ada. Jangan mencari uang di rentenir. Bunganya mencekik leher, ujar Jokowi di alun-alun Kabupaten Subang, Jawa Barat, Minggu (18/5/2014) siang","Calon presiden yang diusung Partai Demokrasi Indonesia Perjuangan Joko Widodo prihatin atas kondisi pertanian di Indonesia. Dia mengatakan, harus ada bank untuk mengakomodir kebutuhan para petani.",2014-05-19,Kompas.com,Jokowi: Harus Ada Bank untuk Petani,"""Ini tugas pemerintah ke depan. Kita itu harus swasembada pangan. Kalau lahan berubah anak-anak kita mau makan apa,"" ujar Jokowi. ""Infrastruktur harus dibangun sebanyak-banyaknya. Jangan yang dibangun mal terus, itu mendorong konsumtif. Harusnya produksi yang ditekankan,"" lanjut Jokowi.",http://indonesiasatu.kompas.com/read/2014/05/19/0744103/Jokowi.Harus.Ada.Bank.untuk.Petani,
0011,jw,Yang pasti kita ingin melihat keinginan masyarakat. Karena nanti (masyarakat) yang menentukan. Kita mendengar keinginan masyarakat,Jokowi berbicara soal cawapres yang akan mendampinginya,2014-05-18,liputan6.com,Jokowi Pilih Cawapres Berdasarkan Elektabilitasnya?,"Apakah maksud Jokowi itu melihat tingkat elektabilitas figur cawapres-nya? ""Yang pasti kita ingin melihat keinginan masyarakat. Karena nanti (masyarakat) yang menentukan. Kita mendengar keinginan masyarakat,"" ujar Jokowi di alun-alun Kabupaten Subang, Jawa Barat, Minggu (18/5/2014).",http://indonesia-baru.liputan6.com/read/2051248/jokowi-pilih-cawapres-berdasarkan-elektabilitasnya,
0012,jw,"Setelah melalui pertemuan dan konsultasi dengan partai pendukung, PDI Perjuangan, Partai Nasdem, Partai Kebangkitan Bangsa, dan Partai Hanura, serta pertimbangan dari Ibu Megawati Soekarkoputri, tadi malam telah kami putuskan, calon wakil presiden yang akan mendampingi saya adalah Bapak Drs Haji Mohammad Jusuf Kalla.",Penetapan Cawapres Jokowi untuk Pilpres 2014,2014-05-19,Kompas.com,Jokowi: Cawapres Saya Jusuf Kalla,"Bakal calon presiden dari Partai Demokrasi Indonesia Perjuangan, Joko Widodo, menyatakan bahwa Jusuf Kalla adalah bakal calon wakil presiden yang akan mendampinginya dalam Pemilu Presiden 2014. Pengumuman bakal cawapres Jokowi sekaligus deklarasi berlangsung di Gedung Joang, Jakarta Pusat, Senin (19/5/2014).",http://indonesiasatu.kompas.com/read/2014/05/19/1203166/jokowi.cawapres.saya.jusuf.kalla?utm_source=WP&utm_medium=box&utm_campaign=Khlwp,artikel
0013,jw,Peningkatan alokasi anggaran TNI dan Polri demi pertahanan negara dan kesejahteraan. Itu sangat penting,Joko Widodo alias Jokowi berjanji untuk meningkatkan alokasi anggaran bagi TNI dan Kepolisian RI sebesar tiga kali lipat,2014-06-04,IndonesiaSatu.com,Jokowi Janjikan Tambah Anggaran TNI-Polri Tiga Kali Lipat,,http://indonesiasatu.kompas.com/read/2014/06/04/0826253/jokowi.janjikan.tambah.anggaran.tni-polri.tiga.kali.lipat?utm_source=WP&utm_medium=box&utm_campaign=Kknwp,
0014,jw,"Kami akan memberikan sedikit sentuhan hi-tech pada alutsista kita,",Joko Widodo alias Jokowi berjanji untuk meningkatkan alokasi anggaran bagi TNI dan Kepolisian RI sebesar tiga kali lipat,,,,,http://indonesiasatu.kompas.com/read/2014/06/04/0826253/jokowi.janjikan.tambah.anggaran.tni-polri.tiga.kali.lipat?utm_source=WP&utm_medium=box&utm_campaign=Kknwp,
0015,jw,"2 ( DUA ) adalah Isyarat Keseimbangan, seperti juga Alam, ada siang - ada Malam, ada Bulan - ada Matahari, ada Tanah -ada Air.",,2014-06-01,twitter.com,,,https://twitter.com/jokowi_do2/status/473108664492912640,
0016,jw,Saya Ini Petarung,,2014-06-02,kompas.com,Jokowi:saya ini petarung,"Calon presiden Joko ""Jokowi"" Widodo menegaskan bahwa dirinya tidak takut menghadapi pemilu presiden pada 9 Juli 2014.",http://nasional.kompas.com/read/2014/06/02/2048022/Jokowi.Saya.Ini.Petarung.,
0017,jw,"Masak, negara maritim tidak punya jalur tol laut?",,2014-06-05,tempo.com,Jokowi:Masak negara Maritim tak Punya tol laut,"Calon presiden Joko Widodo kembali mengungkapkan pentingnya rencana membangun ""tol"" laut untuk menggenjot efisiensi pengiriman logistik",http://pemilu.tempo.co/read/news/2014/06/05/269582622/Jokowi-Masak-Negara-Maritim-Tak-Punya-Tol-Laut,
0018,jw,saya tak ngemis jadi capres,,2014-06-02,kompas.com,"Jokowi: Saya tak ""ngemis"" jadi presiden","Calon presiden Joko ""Jokowi"" Widodo membantah berita yang beredar bahwa ia telah melobi petinggi partai agar dicalonkan pada Pemilu Presiden 2014. Gubernur DKI Jakarta non-aktif ini menilai, pemberitaan itu aneh",http://nasional.kompas.com/read/2014/06/02/1605345/Jokowi.Saya.Tak.Ngemis.Jadi.Capres,
0019,jw,kelihatan ada orang yang ingin menjebak saya. Karena ini kelihatannya saya yang mendesain,,2014-04-15,berita jakarta,Jokowi: Kelihatan ada yang ingin menjebak saya,pencantuman nama dirinya di soal UN merupakan cara untuk menjatuhkannya. Sehingga dirinya tidak akan tinggal diam dengan temuan tersebut.,http://beritajakarta.com/read/1460/Jokowi_Kelihatan_Ada_yang_Ingin_Menjebak_Saya,
0020,jw,"kampanye hitam itu rendahan, tidak intelek, tidak cerdas",,2014-05-27,bewara.co,"jokowi: kampanye hitam itu rendahan, tidak intelek, tidak cerdas",Bakal calon presiden Joko Widodo menyatakan aksi kampanye hitam merupakan kegiatan politik yang tidak mencerdaskan masyarakat. Dia mengatakan belakangan ini kampanye hitam terhadap dia semakin gencar.,http://bewara.co/read/2014/05/jokowi-kampanye-hitam-itu-rendahan-tidak-intelek-tidak-cerdas/,
0021,jw,"Persiapan Besok(Senin),Tidur.(Jamunya) ya, temulawak",,2014-06-09,Liputan6.com,"Jelang Debat, Jokowi Bersiap dengan Temulawak dan Cukup Tidur","Meski bermodal temulawak dan tidur pulas, calon presiden Joko widodo tak gentar menantang pasangan Prabowo Subianto-Hatta Rajasa dalam debat yang diselenggarakan Komisi Pemilihan Umum di Balai Sarbini, Jakarta Selatan,Malam nanti atau senin (9/6/2014) mulai 18.30.",http://indonesia-baru.liputan6.com/read/2060374/jelang-debat-jokowi-bersiap-dengan-temulawak-dan-cukup-tidur,
0022,jw,Kreatif dong. Besok saja dilihat,,2014-06-09,KOMPAS.com,"Pukul 19.30 WIB,Prabowo-Hatta dan Jokowi-JK ikuti debat kandidat","Kedua pasangan calon menyatakan siap menghadapi debat kandidat tersebut.Joko Widodo mengaku akan mengeluarkan jurus kreatifnya dalam acara debat kandidat Capres-Cawapres,Senin (9/6/2014)",http://indonesiasatu.kompas.com/read/2014/06/09/0624090/pukul.19.30.wib.prabowo-hatta.dan.jokowi-jk.ikuti.debat.kandidat?utm_source=WP&utm_medium=box&utm_campaign=Kknwp,
0023,jw,"Apakah Inisiatif sendiri atau perintah,saya ndak tau.Engga bolehlah menduga-duga.kalau saya sih positive tinking saja.",,2014-06-09,KOMPAS.com,"Kasus Babinsa,Jokowi ""Positive Thinking""",Calon presiden Joko Widodo mengaku tetap berpikiran positif atas kasus personel Bintara Pembina Desa (Babinsa) yang mengarahkan masyarakat memilih pasangan Capres-Cawapres tertentu.ia tak mau menduga apakah tindakan anggota Babinsa atas komando atasannya atau bukan.,http://indonesiasatu.kompas.com/read/2014/06/09/0729464/Kasus.Babinsa.Jokowi.Positive.Thinking.,
0024,jw,"Saya nggak suka basa-basi,banyak ngomong.saya lebih suka kerja",,2014-06-09,Liputan6.com,Jokowi:saya nggak suka banyak ngomong,"dalam debat nanti,mantan Walikota Solo ini mengaku tak akan bertele-tele dan berlama-lama dalam menyapaikan materi debat.pria yang akrab disapa Jokowi ini meneaskan banyak omong bukanlah gaya dia",http://m.liputan6.com/indonesia-baru/read/2060578/jokowi-saya-nggak-suka-banyak-ngomong,
0025,jw,Saya katanya keturunan Singapura..wajah ndeso gini keturunan Singapura.yang percaya kebangetan itu,,2014-06-07,DetikNews,Jokowi singgung isu keturunan Singapura dan wajah ndeso dalam orasinya,Capres Joko Widodo menyinggung sejumlah hal yang disebutnya sebagai kampanye hitam.Politikus PDIP ini pun menggunakan wajah ndeso nya untuk membantah serangan terhadap dirinya,http://news.detik.com/pemilu2014/read/2014/06/07/173221/2602122/1562/jokowi-singgung-isu-keturunan-singapura-dan-wajah-ndeso-dalam-orasinya,
0026,jw,"Potensi yang ada,apakah bisa menopang daerah itu untuk mandiri ?apakah ada pendapatan asli daerah yang bisa menggerakkan ekonomi disana ?apakah dengan buka daerah baru,rakyat dapat manfaat ?atau hanya elitnya yang dapat manfaat ?karena banyak hanya elite yang dapatkan manfaat.",,2014-06-09,KBRcom,"Prabowo tanya soal pemekeran wilayah, Jokowi: intinya pemanfaatan oleh rakyat",Prabowo mengajukan pertanyaan penajaman untuk jawaban Jokowi tersebut dengan menanyakan soal kriteria yang dipakai untuk menetapkan apakah suatu daerah perlu dimekarkan atau tidak.apakah jumlah penduduk?atau luas wilayah?,http://www.portalkbr.com/berita/beritapemilu/3275266_6033.html,
0027,jw,Grogi bagaimana ?biasa saja,,2014-06-10,Liputan6.com,Jokowi puas hasil debat perdana Capres-Cawapres,saat disinggung apakah merasa grogi saat melakukan debat?Jokowi Hanya tersenyum.Justru dengan pede (percaya diri) Jokowi mengatakan tidak ada grogi dan semua biasa saja.,http://indonesia-baru.liputan6.com/read/2060859/jokowi-puas-hasil-debat-perdana-capres-cawapres,
0028,jw,"Jadi,yang diutamakan kebijakan menggeser,bukan menggusur",,2014-06-10,ANTARAnews,"Jokowi:Utamakan kebijakan menggeser,bukan menggusur","Caalon presiden Joko Widodo(Jokowi)mengatakan,pemerintah yang baik adalah pemerintah yang tidak selalu mengutamakan kebijakan untuk menggusur rakyat yang dianggap menghambat program pembangunan",http://www.antaranews.com/pemilu/berita/438323/jokowi-utamakan-kebijakan-menggeser-bukan-menggusur,
0029,jw,Kekompakan adalah amanah bagi kami,,2014-05-27,ANTARAnews,Jokowi yakin menang jika partai dan relawan kompak,Calon presiden Joko Widodo yang biasa disapa Jokowi optimis memenangkan pemilu presiden 9 Juli nanti jika partai-partai pendukung koalisi Jokowi-JK dan para relawannya kompak bergerak dilapangan,http://www.antaranews.com/pemilu/berita/436194/jokowi-yakin-menang-jika-partai-dan-relawan-kompak,
0030,jw,"Biar keren,biar keren lah.masa kita pakai yang sederhana terus,dipikirkan presidennya kuno",,2014-06-10,Metronews,"Pakai jas saat debat,Jokowi ingin terlihat seperti presiden","Jokowi menambahkan,selain agar terlihat keren,dengan memakai jas dia ingin terlihat seperti seorang presiden.",http://www.merdeka.com/politik/pakai-jas-saat-debat-jokowi-ingin-terlihat-seperti-presiden.html,
0031,jw,Gak (bertentangan).bertentangan bagaimana ?dalam pelaksanaannya mestinya supaya sampai betul-betul ke masyarakat sistemnya sistem kartu,,2014-06-12,Merdeka.com,Jokowi sebut kartu Indonesia sehat dan BPJS tak bertentangan,"Calon presiden Joko Widodo (Jokowi) mengatakan,penerapan kartu Indonesia sehat(KIS),seperti dia janjikan dalam kampanye,tidak akan berbenturan dengan Badan Penyelenggara Jaminan Sosial(BPJS).karena KIS adalah kartu yang akan dimiliki masyarakat,sebagai perpanjangan tangan BPJS",http://www.merdeka.com/politik/jokowi-sebut-kartu-indonesia-sehat-dan-bpjs-tak-bertentangan.html,
0032,jw,"Ada lagi fitnah yang menyebut bapak saya dari Singapura.Almarhum bapak saya berasal dari sebuah desa yang jaraknya 30 meter dari kota Solo,di desa Gondangrejo.",,2014-06-12,Merdeka.com,Jokowi: Masa orang kayak gini dari Singapura,"Calon presiden Joko Widodo (Jokowi) kembali mengklarifikasi sejumlah kampanye hitam yang menyerangnya dihadapan kiai kampung dan santri di Tasikmalaya,Jawa Barat",http://www.merdeka.com/politik/jokowi-masa-orang-kayak-gini-dari-singapura.html,
0033,jw,"Tegas itu ada dua kriteria.Pertama,berani memutuskan dan kedua,berani mengambil resiko",,2014-06-12,Merdeka.com,"Jokowi: Tegas itu bukan badanya besar,saya kecil juga tegas","Capres Joko Widodo (Jokowi) kampanye dengan tajuk silahturahmi kiai kampung untuk Jokowi-JK di Tasikmalaya,Jawa Barat.Jokowi menuturkan pemimpin yang baik itu harus tegas.",http://www.merdeka.com/politik/jokowi-tegas-itu-bukan-badannya-besar-saya-kecil-juga-tegas.html,
0034,jw,Itu akan saya pakai kewenangan presiden kepada saya dalam menentukan meneteri dan kepala negara,,2014-06-12,Merdeka.com,"Soal Capres boneka,Jokowi sebut gak bisa ditarik-tarik","Joko Widodo (Jokowi) menjelaskan tudingan yang menyebutnya Capres boneka.menurutnya,sistem di Indonesia menganut presidensial sehingga kepala negara punya kewenangan untuk menentukan kabinet.",http://www.merdeka.com/politik/soal-capres-boneka-jokowi-sebut-gak-bisa-ditarik-tarik.html,
0035,jw,Ya nanti dilihat.nanti sebentar lagi dilihat.ya lihat saja nanti akan mendeklarasikan diri,,2014-06-11,Merdeka.com,Jokowi sebut bakal ada elite Golkar merapat ke kubunya,Capres Joko Widodo (Jokowi) hadir dalam seminar World Oceans Day yang diselenggarakan kementrian kelautan dan perikananpimpinan wakil ketua umum Golkar Syarif Tjitjip Soetardjo.kehadirannya ini membuat Jokowi merasa yakin elite Partai Golkar itu bakal merapat mendukung pasangan Jokowi-JK,http://www.merdeka.com/politik/jokowi-sebut-bakal-ada-elite-golkar-merapat-ke-kubunya.html,
0036,jw,"ora popo..,moga-moga yang buat fitnah,yang jelek-jeleki diberi kesadaran oleh Allah dan diberi kejalan yang benar.kalau doa saya hanya itu.nggak usah fitnah dilawan fitnah,kejelekkan dilawan kejelekkan nggak perlu.fitnah itu dilawan dengan kesabaran,kejelekkan dilawan kebaikan.",,2014-06-27,Liputan6.com,"Jokowi: Ora popo,fitnah dilawan dengan kesabaran","Mendapat predikat capres yang paling banyak mendapat serangan kampanye hitam,Jokowi tak banyak komentar.ia justru berharap siapapun pihak yang menyebar kampanye hitam diberi kesadaran dan tidak lagi menebar fitnah yang dapat merugikan orang lain.",http://indonesia-baru.liputan6.com/read/2069425/jokowi-ora-popo-fitnah-dilawan-dengan-kesabaran,
0037,jw,"Ya nanti,minggu terakhir akan ada sesuatu lah.minggu terakhir kita akan melakukan sesuatu,kejutan.sehingga 9 Juli nanti semua terkejut.",,2014-06-26,Liputan6.com,Jokowi: 9 Juli semua akan terkejut,"selain itu Jokowi menegaskan,dirinya akan menyiapkan sebuah sikap dan tindakan di detik-detik akhir jelang pemilihan presiden yang tinggal sekitar 2 minggu lagi.",http://indonesia-baru.liputan6.com/read/2069214/jokowi-9-juli-semua-akan-terkejut,
0038,jw,"saya nggak pernah nyoba rokok,sebatang aja nggak pernah.cuma nge-jam,hehe",,2014-06-25,Liputan6.com,"Tak merokok,Jokowi hanya suka nge-jam","Gubernur nonaktif DKI Jakarta itu mengaku,sejak dulu dia tak pernah sekalipun mencoba rokok.",http://indonesia-baru.liputan6.com/read/2068386/tak-merokok-jokowi-hanya-suka-nge-jam,
0039,jw,"banyak orang mengklaim dekat dengan buruh dan pekerja.kalau saya kan betul-betul dari sebuah hidup yang sangat berat dan miskin.oleh sebab itu saya bisa merasakan.kalau tidak pernah merasakan hidup suit dan hidup enak terus,apa bisa dekat dengan bapak dan ibu semua ?logikanya dimana ?",,2014-06-30,Liputan6.com,"Jokowi: Kalau buruh mendukung,saya bisa jadi presiden","Capres nomor urut 2 Joko Widodo mengungkapkan calon pemimpin yang dapat memahami penderitaan rakyat,khususnya kaum buruh,adalah figur yang pernah berada dalam kondisi tersebut.",http://indonesia-baru.liputan6.com/read/2070904/jokowi-kalau-buruh-mendukung-saya-bisa-jadi-presiden,
0040,jw,Kalau orasi itu apa sih?kita sudah 15 tahun berwacana dan beretorika di panggung.ya nggak?saat ini adalah saatnya melaksanakan.bukan naik panggung angkat tangan.,,2014-06-30,Liputan6.com,"Jokowi: Cukup 15 tahun beretorika,sekarang saatnya melaksanakan","Capres nomor urut 2 Joko Widodo membeberkan alasannya lebih banyak blusukan ke pasar-pasar dibandingkan dengan berorasi diatas panggung.menurut pria yang karib disapa Jokowi itu,sekarang sudah waktunya untuk langsung pelaksanaan.bukan cuma beretorika di panggung.",http://indonesia-baru.liputan6.com/read/2070859/jokowi-cukup-15-tahun-beretorika-sekarang-saatnya-melaksanakan,
0041,jw,"Nggak apa-apa di pasar berkeringat,karena tidak pakai AC.tapi kalau bisa ditata,dengan manajemen yang bagus.sehingga,orang pasti pilih ke pasar karena harganya lebih kompetitif,tidak terbebani pajak,listrik,lampu seperti ini",,2014-06-30,Liputan6.com,Alasan Jokowi blusukan ke Mall,"dia mengatakan,hal yang perlu diperhatikan adalah perbedaan manajemen pengelolaan pasar tradisional dengan manajemen sebuah mall.seperti kebersihan,kenyamanan,serta ketersediaan lahan parkir.meski tak harus memiliki pendingin ruangan atau air conditioner (AC),pasar tradisional setidaknya harus tertata rapi dan nyaman serta bersih.",http://indonesia-baru.liputan6.com/read/2070815/alasan-jokowi-blusukan-ke-mal,
0042,jw,Kita ke lapangan blusukan itu supaya kita tidak canggung bertemu warga.tidak kaku bercengkrama dengan masyarakat,,2014-06-30,Liputan6.com,Jokowi: Blusukan itu supaya tidak canggung bertemu dengan warga,"Calon presiden Joko Widodo alias Jokowi menyatakan,blusukan yang dilakukannya ke pasar ataupun ke kampung-kampung,bukan hanya untuk mendeteksi permasalahan rakyat.tetapi juga agar dekat dengan rakyat",http://indonesia-baru.liputan6.com/read/2070876/jokowi-blusukan-itu-supaya-tidak-canggung-bertemu-warga,
0043,jw,sampai sekarang sulit mencari sosok sekelas Gus Dur.ulama tapi juga sebagai presiden.ini kan luar biasa,,2014-06-28,Liputan6.com,Jokowi: sulit mencari sosok sekelas Gus Dur,"menurut Jokowi,sosok Gus Dur yang juga mantan ketua umum pengurus besar Nahdlatul Ulama (PBNU)merupakan tokoh ulama yang luar biasa.",http://indonesia-baru.liputan6.com/read/2070171/jokowi-sulit-mencari-sosok-sekelas-gus-dur,
0044,jw,"saya bangga ke pak JK,karena penguasaan lapangan kelihatan,penguasaan JK sebagai pelaku.saya kita sudah komplet semua.terutama yang berkaitan dengan pendidikan.keluarga merupakan guru abadi bagi anak",,2014-06-30,Merdeka.com,"Jokowi: Saya bangga ke JK,penguasaan lapangan kelihatan","Capres Joko Widodo (Jokowi) menyaksikan cawapresnya, Jusuf Kalla (JK) yang berdebat dengan Hatta Rajasadi Hotel Bidakara. Jokowi mengaku bangga dengan performa JK selama debat berlangsung.",http://www.merdeka.com/politik/jokowi-saya-bangga-ke-jk-penguasaan-lapangan-kelihatan.html,
0045,jw,"Kita butuh ketegasan,tidak ada hubungan ketegasan dengan kondisi badan yang gemuk ataupun kerempeng.gak ada hubungannya.dipikir saya gak bisa tegas.",,2014-07-03,Merdeka.com,Jokowi: ketegasan tak ada hubungan gemuk atau kerempeng,Indonesia saat ini membutuhkan pemimpin yang tegas.ketegasan hanya dapat dibuktikan dalam keputusannya dan berani bertanggung jawab.,http://www.merdeka.com/politik/jokowi-ketegasan-tak-ada-hubungan-gemuk-atau-kerempeng.html,
0046,jw,"stop impor beras,ikan,juga buah.ketahanan pangan adalah kunci kebesaran bangsa",,2014-07-03,Liputan6.com,Jokowi: Ketahanan pangan adalah kunci kebesaran bangsa,Gubernur nonaktif DKI Jakarta ini juga memuji Cianjur yang menurutnya merupakan lumbung padi nasional.,http://indonesia-baru.liputan6.com/read/2072246/jokowi-ketahanan-pangan-kunci-kebesaran-bangsa,
0047,jw,"nanti kalau sudah jadi presiden,program itu bisa lebih cepat terlaksanakan",,2014-07-03,Liputan6.com,"Jokowi: jadi presiden,program DKI bisa lebih cepat rampung",Banyak yang menilai capres Joko Widodo ingkar atas janji-janji dan programnya untuk mengurus Ibukota sewaktu masih menjadi calon gubernur DKI Jakarta. Namun pria yang karib disapa Jokowi itu berjanji akan melaksanakan semua program dan janji dengan lebih cepat saat dirinya terpilih menjadi presiden kelak.,http://indonesia-baru.liputan6.com/read/2072309/jokowi-jadi-presiden-program-dki-bisa-lebih-cepat-rampung,
0048,jk,"Ah, tidak mungkin dapat sanksi. Saya kan bukan pengurus Partai Golkar",JK memberikan tannggapannya ketika ditanya soal pemberian sanksi jika mengikuti konvensi Partai Demokrat,2014-04-29,rmol.com,"Jusuf Kalla: Tidak Mungkin Dapat Sanksi, Saya Bukan Pengurus Golkar","""Ah, tidak mungkin dapat sanksi. Saya kan bukan pengurus Partai Golkar,"" kata bekas Wapres itu kepada Rakyat Merdeka, kemarin.","http://www.rmol.co/read/2013/04/29/108320/Jusuf-Kalla:-Tidak-Mungkin-Dapat-Sanksi,-Saya-Bukan-Pengurus-Golkar-",artikel
0049,jk,"Selama ada datanya silahkan (kampanye negatif), asal jangan fitnah, kalau fitnah kita adukan",JK memberikan tanggapannya tentang kampanye damai,2014-06-04,m.liputan6.com,Jusuf Kalla: Silahkan Kampanye Negatif Asal Jangan FItnah,,http://m.liputan6.com/video/read/2058254/jusuf-kalla-silakan-kampanye-negatif-asal-jangan-fitnah,artikel
0050,jk,Pemerintah itu memerintah bukan menghimbau,,,pinterest.com,,,http://www.pinterest.com/jusufkalla/quote-jusuf-kalla/,artikel
0051,jk,biar tidak capek itu harus ikhlas. ikhlas itu sama antara hati. pikiran dan perbuatan,,,pinterest.com,,,http://www.pinterest.com/jusufkalla/quote-jusuf-kalla/,
0052,jk,Pekerjaan yang baik tanpa perencanaan hanya akan menjadi sulit. Perencanaan yang baik tanpa pelaksanaan hanya akan jadi arsip,,,pinterest.com,,,http://www.pinterest.com/jusufkalla/quote-jusuf-kalla/,
0053,jk,"Kita bisa selesaikan semua masalah bangsa sepanjang ada KEMAUAN. Namun, tidak mungkin kita selesaikan semua masalah tanpa ada KEMAMPUAN.",,,pinterest.com,,,http://www.pinterest.com/jusufkalla/quote-jusuf-kalla/,
0054,jk,"Ini bukan potret bobroknya pedidikan tapi (buruknya) ekonomi. Sebab, ini menunjukkan bahwa tidak ada yang bisa mengalahkan semangat sekolah anak Indonesia di dunia ini! Bergelantungan di jembatan, dalam keadaan apapun anak-anak itu tetap mau pergi sekolah.",,,pinterest.com,,,http://www.pinterest.com/jusufkalla/quote-jusuf-kalla/,
0055,jk,"Kalau tak mau bertanggung jawab, jangan jadi pemimpin karena kerja anda hanya akan saling menyalahkan",,,pinterest.com,,,http://www.pinterest.com/jusufkalla/quote-jusuf-kalla/,
0056,jk,Kekuasaan dan materi tetaplah bisa membuat orang korupsi sebab yang membatasi seseorang untuk tidak berlaku jahat adalah moral dan nilai yang diyakini orang itu,,,pinterest.com,,,http://www.pinterest.com/jusufkalla/quote-jusuf-kalla/,
0057,jk,"Ikhlas membuat kita tidak pernah merasa capek, walaupun banyak tugas dan pekerjaan yang harus diselesaikan.",,,pinterest.com,,,http://www.pinterest.com/jusufkalla/quote-jusuf-kalla/,
0058,jk,Tidak ada suatu negara maju tanpa pendidikan yang keras.,,,pinterest.com,,,http://www.pinterest.com/jusufkalla/quote-jusuf-kalla/,
0059,jk,"Bangsa yang maju bukan tergantung pada luas wilayah atau melimpahnya kekayaan sumber alamnya, melainkan karena spiritnya, kamauannya dan inovasinya.",,,pinterest.com,,,http://www.pinterest.com/jusufkalla/quote-jusuf-kalla/,
0060,jk,"Hanya orang berani yang mau berkonflik, tetapi lebih berani lagi orang yang tengah berkonflik namun bersedia berdamai.",,,pinterest.com,,,http://www.pinterest.com/jusufkalla/quote-jusuf-kalla/,
0061,jk,"Jangan Kita Menjelek-Jelekkan Bangsa Ini. Kalau Kita Semua Selalu Mengejek, Siapa Yang Harus Menghargai Bangsa Ini?",,,pinterest.com,,,http://www.pinterest.com/jusufkalla/quote-jusuf-kalla/,
0062,jk,"Keberhasilan tidak akan datang kepada mereka yang berdiam diri, tetapi keberhasilan akan datang kepada mereka yang menjemputnya.",,,pinterest.com,,,http://www.pinterest.com/jusufkalla/quote-jusuf-kalla/,
0063,jk,"Berapapun dana yang dapat disalurkan, apapun teknologi yang dikerahkan, tanpa semangat entrepreneurship, tak ada gunanya",,,pinterest.com,,,http://www.pinterest.com/jusufkalla/quote-jusuf-kalla/,
0064,jk,Kesulitan hanya tunduk pada orang yang berjuang. Kesukaran hanya takluk pada orang yang sabar. Kekuatan mengiringi orang yang ikhlas.,,,pinterest.com,,,http://www.pinterest.com/jusufkalla/quote-jusuf-kalla/,
0065,jk,"Bacalah, maka Anda akan mengenal dunia. Menulislah, maka dunia akan mengenal Anda.",,,pinterest.com,,,http://www.pinterest.com/jusufkalla/quote-jusuf-kalla/,
0066,jk,"Zaman sekarang bukan zamannya kampanye raksasa, dialog juga efektif kalau ada media",,2014-06-04,kabar7.com,Jusuf kalla: Lebih Suka Kampanye Dialog,,http://kabar7.com/kabar7-jusuf-kalla-lebih-suka-kampanye-dialog.html,
0067,jk,"Tidak dengan marah-marah, tidak dengan lempar-lempar. Amarah dan tegas itu berbeda",,2014-05-30,,,,,
0068,jk,Jangan Presiden dipilih hanya karena uji coba,,2014-05-25,"youtube, bisnis.com","Jusuf Kalla: Jokowi Capres, Bisa Hancur Negara Ini",,http://www.youtube.com/watch?v=MqUp15V3WCY,
0069,jk,"Tentu saja kita senang. Insya Allah antusiasme masyarakat di manapun besar, itu artinya",,2014-05-06,detiknews.com,"Jokowi masih ungguli prabowo di survei, jk; tentu kita senang",Dua survei terbaru yang dirilis hari ini menunjukkan elektabilitas pasangan capres/cawapres Joko Widodo-Jusuf Kalla masih mengungguli pasangan Prabowo Subianto-Hatta Rajasa. JK mengaku senang dengan hasil tersebut.,http://news.detik.com/pemilu2014/read/2014/06/05/232913/2601361/1562/jokowi-masih-ungguli-prabowo-di-survei-jk-tentu-kita-senang?992204topnews,
0070,jk,Nomor dua itu tanda kemenangan. V itu victory,,2014-02-01,antaranews.com,arti nomer urut 2 bagi jk dan jokowi,Calon Wakil Presiden Jusuf Kalla menyebut nomor urut dua sebagai tanda kemenangan bagi dia dan Calon Presiden Joko Widodo pada Pilpres 2014.,http://www.antaranews.com/pemilu/berita/436775/arti-nomor-urut-2-bagi-jk-dan-jokowi,
0071,jk,"Masjid di samping bicara ibadah akidah, harus juga bicara muamalah perdagangan",,2014-02-08,rmol.co,"Dihadapan ratusan kiai NU, jk jelaskan masjid jangan hanya urus ibadah","Jusuf Kalla berharap peran masjid bisa diperluas. Masjid yang saat ini hanya menjadi sarana pelaksanaan ibadah, harus bisa memfasilitasi bidang muamalah, terutama perdagangan.","http://www.rmol.co/read/2014/02/08/143102/Di-Hadapan-Ratusan-Kiai-NU,-JK-Tegaskan-Masjid-jangan-hanya-Urus-Ibadah-",
0072,jk,"Saya tahu pertanian, perikanan sangat penting tapi manufacturing yang juga memberikan lapangan kerja banyak itu sama pentingnya",,,,Jokowi-JK janji buka lapangan kerja lebih banyak,"Bakal calon presiden Jusuf Kalla (JK) berjanji akan membuka lapangan kerja lebih banyak lagi. Menurutnya, meski dibidang pertanian dan perikanan cukup penting, namun bidang manufacturing (industri) juga sangat penting",http://www.pemilu.com/berita/2014/05/jokowi-jk-janji-buka-lapangan-kerja-lebih-banyak/,
0073,jk,"Kalau masih belum percaya keislaman Jokowi, mari adakan lomba baca Alquran antar capres saja. Jadi ketahuan siapa yang paling jago",,2014-05-27,,"Mantap, Jk tantang Capres Lomba Baca Quran",CALON wakil presiden M Jusuf Kalla (JK) merasa gerah dengan masyarakat yang masih meragukan keislaman Joko Widodo (Jokowi). CALON wakil presiden M Jusuf Kalla (JK) merasa gerah dengan masyarakat yang masih meragukan keislaman Joko Widodo (Jokowi),http://dunia-islam.pelitaonline.com/news/2014/05/27/mantap-jk-tantang-capres-lomba-baca-alquran#.U5GOhnKSxcg,
0074,jk,"Kita tidak bicara ide,kita bicara pelaksanaan",,2014-06-10,Liputan6.com,JK: Tidak bisa meyakinkan kalau cuma bisa pidato,"kami tak bicara harapan dan sekedar pidato,tapi bicara kerja nyata.",http://indonesia-baru.liputan6.com/read/2060887/jk-tidak-bisa-meyakinkan-kalau-cuma-bisa-pidato,
0075,jk,"Kami ini peserta seperti atlet saja,sudah mengucap janji atlet",,2014-06-04,TEMPO.CO,JK Peserta pilpres seperti atlet olimpiade,calon wakil presiden Jusuf Kalla mengatakan proses pemilihan presiden 9 Juli nanti seperti perlombaan olimpiade,http://pemilu.tempo.co/read/news/2014/06/04/269582436/JK-Peserta-Pilpres-Seperti-Atlet-Olimpiade,
0076,jk,Golkar itu ada dua.Golkar yang waras pasti memilih kader bekas ketua umumnya dibanding ketua umum partai lain,,2014-06-12,Merdeka.com,JK: Kader Golkar yang waras pasti memilih bekas ketua umumnya,JK mengajak seluruh masyarakat disana untuk mau memilih pasangan Joko Widodo(Jokowi) dan dirinya pada pilpres mendatang.dia juga sempat menyindir mayoritas kader partai Golkar lainnya yang lebih memilih ke kubu tetangga,http://www.merdeka.com/politik/jk-kader-golkar-yang-waras-pasti-milih-bekas-ketua-umumnya.html,
0077,jk,Apa yang salah dengan UN? mau bodoh lagi rakyat? mau lagi berbeda pendidikan Jawa dan NTT? bahaya sekali.seluruh dunia tidak ada negara yang tak punya standar pendidikan.kalau ada standar pendidikan harus diujikan,,2014-06-13,TribunNews.com,JK tidak akan hapus ujian nasional,"Jusuf Kalla mengatakan ketidaksetujuannya jika ujian nasional dihapuskan dalam sistem pendidikan di Indonesia.menurut JK,UN tetap diperlukan sebagai evaluasi dan standardisasi pendidikan Nasional",http://www.tribunnews.com/pemilu-2014/2014/06/13/jk-tidak-akan-hapus-ujian-nasional,
0078,jk,"Jangan lupa dua,bukan dor.ada juga yang suka dor.itu bahaya.nanti mamuju kebayang tahun 60-an.kita orang menderita karena dor dor",,2014-06-13,TribunNews.com,"JK: Pilih nomor dua,jangan yang suka dor","JK mengingatkan agar warga memilih nomor dua yakni dia dan Joko Widodo,dan tidak memilih pemimpin yang dor",http://www.tribunnews.com/pemilu-2014/2014/06/13/jk-pilih-nomor-dua-jangan-yang-suka-dor,
0079,jk,"Sama sekali tidak,ini tentara punya,mana ada tim kita yang punya akses kesana",,2014-06-13,TribunNews.com,JK bantah pihaknya bocorkan surat pemecatan Prabowo,"Calon wakil presiden yang diusung poros PDI Perjuangan,Jusuf Kalla,menegaskan mereka tidak mungkin membocorkan surat pemberhentian Prabowo Subianto dari dinas militer.surat pemberhentian tersebut merupakan Keputusan Dewan Kehormatan Perwira(DKP)",http://www.tribunnews.com/pemilu-2014/2014/06/13/jk-bantah-pihaknya-bocorkan-surat-pemecatan-prabowo,
0080,jk,"Ha-ha-ha,...Bilang Pak JK tertawa terbahak-bahak mendengarnya",,2014-06-12,TribunNews.com,JK tertawa ditanya omongan Fadli Zon yang merasa lebih hebat darinya,"Calon wakil presiden yang diusung poros PDI Perjuangan,Jusuf Kalla,tertawa lebar menegenai ucapan wakil ketua umum partai Gerindra Fadli Zon,yang menganggap dirinya lebih hebat.",http://www.tribunnews.com/pemilu-2014/2014/06/12/jk-tertawa-ditanya-omongan-fadli-zon-yang-merasa-lebih-hebat-darinya,
0081,ps,Saya juga rapopo. Becik ketitik ala ketara,Prabowo memberi tanggapan tentang black campaign,2014-03-24,detik.com,"Jokowi: Aku Rapopo, Prabowo: Saya JugaRapopo","Kata 'Rapopo' kemudian juga dipakai oleh Ketua Dewan Pembina Partai Gerakan Indonesia Prabowo Subianto. Melalui akun twitternya @prabowo08, dia mengaku akhir-akhir ini banyak mendapat serangan dan kampanye hitam.",http://news.detik.com/pemilu2014/read/2014/03/26/104354/2536960/1562/jokowi-aku-rapopo-prabowo-saya-juga-rapopo,
0082,ps,"kalau orang baik takut berpolitik, maka yang berkuasa adalah orang jahat",,2013-10-04,wikiquote,Kutipan-kutipan Prabowo subianto,,http://id.wikiquote.org/wiki/Prabowo_Subianto,artikel
0083,ps,"Untuk niat dan etika baik akan selalu menghadapi tantangan, tapi tidak boleh menyerah",,,,,Everything about Prabowo-Hatta Thread,http://www.kaskus.co.id/thread/537272e7a1cb17bc548b46cd/semua-tentang-prabowo-hatta-rajasa-kerja-nyata-untuk-indonesia-raya,artikel
0084,ps,"kalau orang baik diam semua, yang berkuasa adalah orang orang yang tidak baik.",,2012-05-11,,*** Catatan Mengenai Hari Pahlawan dan Sikap Bangsa Indonesia Terhadap Penjajahan Asing ***,,https://www.facebook.com/PrabowoSubianto/posts/10151078767461179,artikel
0085,ps,"leluhur menanamkan kedalam diri saya jiwa kesatria, prajurit dan patriotisme",,,,,,http://id.wikiquote.org/wiki/Prabowo_Subianto,artikel
0086,ps,"Saya tidak pernah berhianat kepada negara, saya seorang patriot dan saya siap diadili untuk itu",,,,,,http://infozaman.blogspot.com/2014/04/kerusuhan-mei-dari-perspektif-berbeda-1.html,artikel
0087,ps,"Tidak ada prajurit yang mau mati karena uang, tentara itu baru mau mati demi kesetiaannya kepada Negara",,,,,,http://soedoetpandang.wordpress.com/2013/11/11/prabowo-tak-ada-prajurit-yang-mau-mati-karena-uang/,artikel
0088,ps,"pemimpin muda itu harus cerdas,handal,mantap,berani dan jujur kepada rakyat",,2013-10-04,wikiquote,Kutipan-kutipan Prabowo subianto,,http://id.wikiquote.org/wiki/Prabowo_Subianto,artikel
0089,ps,"Pemimpin yang selalu memberikan kata-kata manis, dengan harapan rakyat terbuai bukanlah pemimpin yang benar",,2013-10-04,wikiquote,Kutipan-kutipan Prabowo subianto,,http://id.wikiquote.org/wiki/Prabowo_Subianto,artikel
0090,ps,"kalau Prabowo terjatuh biarkan dia, cari Prabowo yang lain saudara, jangan andalkan satu orang",,2013-10-04,wikiquote,Kutipan-kutipan Prabowo subianto,,http://id.wikiquote.org/wiki/Prabowo_Subianto,artikel
0091,ps,"Saya adalah samurai, seorang samurai tidak akan meninggalkan dan mengkhianati yang dipertuannya",,2013-10-04,wikiquote,Kutipan-kutipan Prabowo subianto,,http://id.wikiquote.org/wiki/Prabowo_Subianto,artikel
0092,ps,"Bangsa yang kuat, dan bangsa yang besar, adalah bangsa yang tidak melupakan sejarahnya sendiri",,2013-10-04,wikiquote,Kutipan-kutipan Prabowo subianto,,http://id.wikiquote.org/wiki/Prabowo_Subianto,artikel
0093,ps,"Kita punya cita-cita dan impian-impian yang sama yaitu kita inginkan bangsa kita, negara kita yang kita cintai bisa menjadi bangsa yang adil dan makmur",,2013-10-04,wikiquote,Kutipan-kutipan Prabowo subianto,,http://id.wikiquote.org/wiki/Prabowo_Subianto,artikel
0094,ps,"There is no easy route,bagi seorang patriot yang ingin berbuat baik tidak ada jalan yang ringan",,2013-10-04,wikiquote,Kutipan-kutipan Prabowo subianto,,http://id.wikiquote.org/wiki/Prabowo_Subianto,artikel
0095,ps,Dijegal oleh orang jahat adalah sebuah kehormatan,,2013-10-04,wikiquote,Kutipan-kutipan Prabowo subianto,,http://id.wikiquote.org/wiki/Prabowo_Subianto,artikel
0096,ps,"Jadilah Teknorat, pada suatu hari kita akan berjumpa dan ambil bagian dalam memodernkan negeri kita",,2013-10-04,wikiquote,Kutipan-kutipan Prabowo subianto,,http://id.wikiquote.org/wiki/Prabowo_Subianto,artikel
0097,ps,"Bangsa yang unggul adalah bangsa yang dapat hidup dalam jiwa kebersamaan, kekeluargaan dan persatuan",,2013-10-04,wikiquote,Kutipan-kutipan Prabowo subianto,,http://id.wikiquote.org/wiki/Prabowo_Subianto,artikel
0098,ps,"Kita punya cita-cita dan impian-impian yang sama yaitu kita inginkan bangsa kita, negara kita yang kita cintai bisa menjadi bangsa yang adil dan makmur",,2013-10-04,wikiquote,Kutipan-kutipan Prabowo subianto,,http://id.wikiquote.org/wiki/Prabowo_Subianto,artikel
0099,ps,"Di nusantara pernah terwujud peradaban yang bagus dan besar, ini menjadi modal tugas dan panggilan kita untuk membangun Indonesia yang besar,maju,sejajar,dan disegani",,2013-10-04,wikiquote,Kutipan-kutipan Prabowo subianto,,http://id.wikiquote.org/wiki/Prabowo_Subianto,artikel
0100,ps,"Karena itu, memang itu adalah keyakinan saya, itu adalah nilai yang saya perjuangkan: Bangsa yang merdeka, yang berdiri di atas kaki sendiri",,2013-10-04,wikiquote,Kutipan-kutipan Prabowo subianto,,http://id.wikiquote.org/wiki/Prabowo_Subianto,artikel
0101,ps,"Ini (Deklarasi Pemilu Berintegritas dan Damai Pemilu Presiden dan Wakil Presiden) sangat penting karena alternatif dari pemilu yang jurdil. Karena itu kami Prabowo-Hatta beserta seluruh koalisi tekad kami untuk ikut serta dalam kampanye pilpres akan datang dengan bersih, sejuk dan tidak melakukan hal negatif yang tidak menguntungkan,",Deklarasi Pemilu Berintegritas dan Damai Pemilu Presiden dan Wakil Presiden - See more at: http://m.liputan6.com/indonesia-baru/read/2058266/prabowo-apapun-hasil-pilpres-saya-hormati-keputusan-rakyat#sthash.sidRBcBc.dpuf,2014-06-04,Liputan 6,"Prabowo: Apapun Hasil Pilpres, Saya Hormati Keputusan Rakyat - See more at: http://m.liputan6.com/indonesia-baru/read/2058266/prabowo-apapun-hasil-pilpres-saya-hormati-keputusan-rakyat#sthash.sidRBcBc.dpuf",,http://m.liputan6.com/indonesia-baru/read/2058266/prabowo-apapun-hasil-pilpres-saya-hormati-keputusan-rakyat,artikel
0102,ps,"Saudara Jokowi adalah saudara saya dan Saudara Jusuf Kalla adalah senior saya yang sangat saya hormati. Saya berjanji akan menerima seluruh keputusan rakyat, dan apabila dapat mandat akan kerja keras. Apapun itu, kami patriot tetap cinta Tanah Air,",Deklarasi Pemilu Berintegritas dan Damai Pemilu Presiden dan Wakil Presiden,2014-06-05,Liputan 6,"Prabowo: Apapun Hasil Pilpres, Saya Hormati Keputusan Rakyat -",,http://m.liputan6.com/indonesia-baru/read/2058266/prabowo-apapun-hasil-pilpres-saya-hormati-keputusan-rakyat,artikel
0103,ps,"Adalah keyakinan dan tekad saya bahwa pendidikan adalah kunci pembangunan,",,2014-06-02,Antara News,Prabowo nilai pendidikan kunci pembangunan,"""Adalah keyakinan dan tekad saya bahwa pendidikan adalah kunci pembangunan,"" kata Prabowo dalam Rapat Korrdinasi Pimpinan Nasional Persatuan Guru Republik Indonesia (Rakorpimnas PGRI) di Jakarta, Senin.",http://www.antaranews.com/pemilu/berita/436993/prabowo-nilai-pendidikan-kunci-pembangunan,artikel
0104,ps,"Saya bertekad kalau nanti menerima mandat dari rakyat, akan saya teruskan. Karena kita tidak mau hanya jadi sumber bahan baku. Kita mau kekayaan kita harus dimanfaatkan sebesar-besarnya untuk rakyat Indonesia, tegasnya.",,2014-06-02,Antara News,Prabowo puji SBY di depan ratusan guru,"Di hadapan ratusan guru, Calon Presiden Prabowo Subianto memuji Presiden Susilo Bambang Yudhoyono terkait kebijakan sang presiden dalam bidang pengolahan hasil bumi Indonesia yang dilakukan dari hulu ke hilir.",http://www.antaranews.com/pemilu/berita/436982/prabowo-puji-sby-di-depan-ratusan-guru,artikel
0105,ps,"Kami pasangan Prabowo-Hatta beserta seluruh koalisi menyatakan siap ikut serta dalam kampanye pemilu dengan berintegritas, damai, bersih dan sejuk tidak melakukan hal-hal negatif dan menimbulkan hal-hal yang tidak diinginkan yang mengganggu masyarakat,",,2014-06-03,Antara News,Prabowo-Hatta siap ikuti pemilu berintegritas damai,Pasangan calon presiden dan calon wakil presiden nomor urut satu Prabowo Subianto-Hatta Rajasa siap mengikuti pemilu berintegritas dan damai serta tidak melakukan hal- hal negatif yang akan merugikan masyarakat Indonesia.,http://www.antaranews.com/berita/437197/prabowo-hatta-siap-ikuti-pemilu-berintegritas-damai,
0106,ps,Pertahanan kuat suatu bangsa dan negara ialah kesejahteraan rakyat,,2014-06-05,Detik news,Prabowo: Percuma punya tentara hebat tapi rakyatnya miskin,Capres nomor urut satu Prabowo Subianto tampak menggebu-gebu sewaktu berpidato soal kesejahteraan rakyat. Prabowo menyebut pertahanan kuat suatu bangsa dan negara itu bukan terlihat dari alat militer dan pasukan tentara,http://news.detik.com/pemilu2014/read/2014/06/05/120559/2600610/1562/prabowo-percuma-punya-tentara-hebat-tapi-rakyatnya-miskin?991101mainnews,
0107,ps,"Kami komitmen bela kepentingan nasional Indonesia, jangan terus nasional terus dibela lalu logikanya nasionaliasi. Itu dua istilah yang berbeda,",,2014-06-01,Detik News,"Di Depan Kader PD, Tegaskan Tak Ada Program Nasionalisasi Aset Asing","Prabowo kembali menegaskan sikapnya tentang isu nasionalisasi aset-aset asing. Menurut Prabowo, hal itu keliru. Dia menegaskan programnya ialah mementingkan kepentingan nasional, bukan malah menasionalisasi aset-aset asing untuk negara",http://news.detik.com/pemilu2014/read/2014/06/01/205713/2596627/1562/di-depan-kader-pd-prabowo-tegaskan-tak-ada-program-nasionalisasi-aset-asing?9922032,
0108,ps,Ciri khas negara yang berhasil adalah sistem hukum yang kuat dan polisi yang kuat,,2014-06-02,tempo.com,,"Calon presiden dari gerbong koalisi Partai Gerindra, Prabowo Subianto, mengatakan polisi merupakan salah satu institusi yang vital bagi sebuah negara.",http://pemilu.tempo.co/read/news/2014/06/02/269581923/Prabowo-Pilih-Polisi-yang-Ganteng-dan-Cantik,
0109,ps,Polisi kita harus sehebat FBI,,2014-06-02,tempo.com,,"Calon presiden dari gerbong koalisi Partai Gerindra, Prabowo Subianto, bermimpi membangun kekuatan polisi sehebat-hebatnya jika kelak dia terpilih menjadi presiden RI periode 2014-2019.",http://pemilu.tempo.co/read/news/2014/06/02/269581926/Prabowo-Ingin-Polisi-Sehebat-FBI,
0110,ps,Saya juga akan melepas anak-anak pencinta gunung yang mendukung Prabowo kemudian mereka akan membawa 50 rombongan untuk mendeklarasikan dukungan di atas gunung yang ada di seluruh Indonesia,,2014-06-06,merdeka.com,Prabowo gandeng para pendaki untuk deklarasi di puncak gunung,Saya juga akan melepas anak-anak pencinta gunung yang mendukung Prabowo kemudian mereka akan membawa 50 rombongan untuk mendeklarasikan dukungan di atas gunung yang ada di seluruh Indonesia,http://www.merdeka.com/politik/prabowo-gandeng-para-pendaki-untuk-deklarasi-di-puncak-gunung.html,
0111,ps,"Saya mohon doa dan masukan dari sahabat Facebook,agar acara malam ini dapat berlangsung dengan baik,serta bermanfaat untuk demokrasi kita.",,2014-06-09,Merdeka.com,Prabowo minta masukan facebooker untuk debat capres nanti malam,"kepada para facebooker,mantan dajen kopassus ini juga mengingatkan acara debat capres berlangsung pukul 20.00 sampai 22.00",http://www.merdeka.com/politik/prabowo-minta-masukan-facebooker-untuk-debat-capres-nanti-malam.html,
0112,ps,"Sebagai tentara,kami punya tugas untuk menjaga dan melindungi rakyat dari ancaman kelompok radikal.soal hasil kerja,biar atasan kami yang menilai.saya adalah yang paling keras dalam mejaga keamanan rakyat di negara ini.",,2014-06-10,Liputan6.com,Penjelasan HAM Prabowo di debat Capres disorot dunia,Bagaimana cara anda menyelesaikan masalah pelanggaran HAM pada masa lalu dan mencegah dan menjaganya pada masa yang akan datang.,http://indonesia-baru.liputan6.com/read/2061099/penjelasan-ham-prabowo-di-debat-capres-disorot-dunia,
0113,ps,"Memang kita rasakan,inilah kelemahan bangsa kita sekarang.Korupsi,kinerja pemerintah kurang maksimal,keadilan hanya pada yang kuat,kaya.Ini kita rasakan,tapi ini semua adalah suatu akibat dari kebocoran kekayaan nasional yang sangat besar",,2014-06-09,Liputan6.com,Prabowo paparkan tips basmi korupsi tapi tak jawab pertanyaan HAM,"Indonesia masih dipersepsikan memiliki tingkat korupsi yang tinggi,Indonesia juga dilihatsebagai negara yang kinerja pemerintahannya masih belum baik,Indonesia juga belum dapat memberikan perlindungan HAM dengan baik,belum mampu melakukan penegakkan hukum dengan adil,cenderung tajam kebawah tumpul keatas,masih banyak mafia peradilan.",,
0114,ps,"Bangsa kita mau dibeli,semuanya dibeli akhirnya rakyat kita tidak jelas",,2014-06-10,Antara News,Prabowo ingatkan ada kekuatan besar beli Indonesia,calon presiden Prabowo Subianto mengingatkan ada kekuatan besar yang mengira bisa membeli negara kesatuan republik Indonesia,http://www.antaranews.com/pemilu/berita/438281/prabowo-ingatkan-ada-kekuatan-besar-beli-indonesia,
0115,ps,"Kita tidak boleh anti dengan orang kaya.kita mau perbanyak orang kaya.miskin tidak lagi miskin.justru kuat,sehingga dapat meraih kehidupan yang sama dengan yang lain",,2014-06-11,Liputan6.com,Prabowo: Kita mau perbanyak orang kaya,"Bila terpilih sebagai presiden,ia akan mengupayakan seluruh rakyat hidup sejahtera",http://indonesia-baru.liputan6.com/read/2061415/prabowo-kita-mau-perbanyak-orang-kaya,
0116,ps,"Kalau ada serangan fajar terima uangnya,itu uang negara juga",,2014-06-10,Liputan6.com,"Prabowo: terima saja serangan fajar,itu uang kalian juga","Prabowo dalam sambutannya menegaskan,politik uang tetap akan terjadi pada pemilu nanti.Jika menerima serangan fajar,jangan ditolak",http://indonesia-baru.liputan6.com/read/2061051/prabowo-terima-saja-serangan-fajar-itu-uang-kalian-juga,
0117,ps,Hati-hati demokrasi di Indonesia kalau nggak demokrasi wani piro,,2014-06-10,Merdeka.com,Prabowo: Semua bisa dibeli,"Menurut Prabowo,demokrasi Indonesia saat ini sudah bisa dibeli.makanya, dia mengingatkan agar lebih bijak dalam memilih.",http://www.merdeka.com/politik/prabowo-semua-bisa-dibeli.html,
0118,ps,"tidak ada pengikut yang jelek,yang ada hanya pemimpin-pemimpin yang jelek",,2014-06-09,Merdeka.com,Prabowo: Yang ada hanya pemimpin-pemimpin yang jelek,"Sebagai pemimpin dengan tegas saya mengatakan mari bergabung dengan syarat tidak akan merongrong anggaran negara,satu sen pun.",http://www.merdeka.com/politik/prabowo-yang-ada-hanya-pemimpin-pemimpin-yang-jelek.html,
0119,ps,"Demokrasi adalah cita-cita pendiri bangsa kita,kita telah mencapai demokrasi dengan susah payah.Alhamdulillah kita telah merasakan menjadi negara demokrasi ketiga terbesar",,2014-06-09,Merdeka.com,Prabowo: Kita ingin demokrasi yang produktif bukan demokrasi destruktif,"Prabowo menyampaikan demokrasi adalah sesuatu yang harus dipertahankan,diperbaiki dan terus diperjuangkan",http://www.merdeka.com/politik/prabowo-kita-ingin-demokrasi-yang-produktif-bukan-destruktif.html,
0120,ps,"Negara kita demokrasi artinya rakyat yang memilih pemimpin-pemimpinnya,satu orang satu suara,rakyat memilih,ini tidak terjadi di banyak negara",,2014-06-12,Merdeka.com,Prabowo: Kita ini bangsa yang sangat berani,"Negara kita keempat terbesar di dunia,ternyata diakui sebagai negara ketiga negara terbesar sebagai negara demokrasi",http://www.merdeka.com/politik/prabowo-kita-ini-bangsa-yang-sangat-berani.html,
0121,ps,"melalui proses yang tidak ringan,rakyat diberi pilihan pada pilpres kali ini,yaitu pasangan nomor urut 1 Prabowo Subianto-Hatta Rajasa dan pasangan nomor urut 2 Joko Widodo-Jusuf Kalla",,2014-06-11,Merdeka.com,Prabowo: Jangan jelekkan pasangan lain,"Peringatan itu disampaikan Prabowo tak lama setelah dia memulai kampanyenya di gedung serba,Medan Estate,Deli Serdang,Sumut.",http://www.merdeka.com/politik/prabowo-jangan-jelekkan-pasangan-lain.html,
0122,ps,Cita-cita saya dihati yang paling dalam menjadi Deng Xiao Ping nya Indonesia.Jika sejarah Tiongkok ditulis lagi maka Deng Xiao Ping adalah yang memimpin transformasi Tiongkok,,2014-06-12,Merdeka.com,Prabowo: Saya ingin jadi Deng Xiao Ping Indonesia,dia menilai Deng Xiao Ping yang pernah ditahan dan dipecatt mampu membawa kemajuan China.Deng Xiao Ping pun tetap menghormati orang yang memenjarakannya,http://www.merdeka.com/politik/prabowo-saya-ingin-jadi-deng-shio-ping-indonesia.html,
0123,ps,"Saya belum berani muncul pakai sarung,tapi banyak yang mulai pakai sarung,ulama-ulama muncul di daerah mereka menggunakan sarung karena itu budaya mereka",,2014-06-28,Merdeka.com,Prabowo: saya belum berani muncul pakai sarung,"Salah satu bentuk budaya lain yang berkembang di Indonesia adalah sarung. Namun, Prabowo mengaku belum berani muncul di hadapan publik dengan mengenakan sarung layaknya ulama-ulama di daerah yang sudah lazim menggunakan sarung.",http://www.merdeka.com/politik/prabowo-saya-belum-berani-muncul-pakai-sarung.html,
0124,ps,"Di era modern seperti sekarang ini,media juga sudah menjadi senjata.namanya senjata itu bisa digunakan oleh orang lain.",,2014-07-01,Liputan6.com,Prabowo: Keberpihakan media kadang mengganggu saya,"Prabowo mengatakan sedari awal pencapresannya,banyak media yang tidak berpihak kepadanya.banyak media saat ini dimanfaatkan untuk kepentingan sekelompok elite politik tertentu.terutama media asing yang dianggapnya kerap menyudutkan soal demokrasi.",http://indonesia-baru.liputan6.com/read/2071072/prabowo-keberpihakan-media-kadang-mengganggu-saya,
0125,ps,Boleh foto (bareng)asal nyoblos nomor satu.ha-ha-ha,,2014-06-30,Merdeka.com,Prabowo: Boleh foto asal nyoblos nomor 1,ketua dewan pembina partai Gerindra itu langsung menanggapi upaya para peserta yang ingin foto bersamanya.para peserta itu juga tak malu menunjuk jari telunjuk saat berfoto,http://www.merdeka.com/politik/prabowo-boleh-foto-asal-nyoblos-nomor-1.html,
0126,ps,"Saya tegaskan dua-duanya putra-putra terbaik Indonesia.pasangan nomor dua bukan lawan,bukan musuh,bukan orang lain adalah saudara-saudara kita sendiri",,2014-07-02,Merdeka.com,Prabowo: pasangan nomor 2 bukan lawan,"Kita boleh bersaing.namun bersaing dalam gagasan,bersaing dalam nilai-nilai kita.tapi ingat,pesaing (Jokowi-Jusuf Kalla)kita adalah saudara kita sendiri.",http://www.merdeka.com/politik/prabowo-pasangan-nomor-2-bukan-lawan.html,
0127,ps,"Maaf ya kalau saya harus bicara dari hati saya paling dalam. Saya tidak bisa bicara yang manis-manis, yang liak-liuk pandai bersilat lidah, yang selalu bermulut manis di depan rakyat",,2014-07-02,Liputan6.com,Prabowo: Saya tidak bisa bicara manis dan bersilat lidah,"Calon presiden Prabowo Subianto mengatakan, lebih memilih bersikap tegas dalam menyampaikan sikap politiknya tanpa berbasa-basi dan bersilat lidah. Sebab, dia bukan orang bisa memilih kalimat dengan indah.",http://indonesia-baru.liputan6.com/read/2071814/prabowo-saya-tidak-bisa-bicara-manis-dan-bersilat-lidah,
0128,hr,"Saya bingung tempatnya gimana, memang itu keputusan KPU ya saya terima saja",,2014-05-31,inilah.com,Hatta canggung Dikawal khusus sebagai cawapres,Calon Wakil Presiden (Cawapres) Hatta Rajasa mengaku bingung menyediakan tempat untuk anggota Polri yang bertugas mengamankannya.,http://nasional.inilah.com/read/detail/2105419/hatta-canggung-dikawal-khusus-sebagai-cawapres#.U5F-d3KSxcg,
0129,hr,"Ya kita tunggu nanti, kami tidak mau berspekulasi, kan (sinyalemen itu) nanti dilaporkan kepada ketua dewan pembina",,2014-06-02,liputan islam,Hatta Optimis Mendapat Dukungan Partai Demokrat,"cawapres Hatta Rajasa mengaku optimis, namun tetap menunggu pernyataan resmi Demokrat.",http://liputanislam.com/pemilu/hatta-optimis-mendapat-dukungan-partai-demokrat/,
0130,hr,"Esensi visi-misi kita, landasan filosofisnya itu pancasila dan UUD 45 dan itu menjadi landasan yang sangat kuat dalam melakukan arah kebijakan untuk bangsa Indonesia ke depan. Pendidikan menjadi prioritas utama untuk membangun masyarakat beretika, berbudaya dan berakhlakul karimah",,2014-05-29,sayangi.com,Hatta: Prabowo Hatta Prioritaskan Sektor Pendidikan,"Calon Wakil Presiden Hatta Rajasa mengatakan pihaknya memprioritaskan sektor pendidikan untuk membangun masyarakat beretika, berbudaya dan berakhlakul karimah.",http://www.sayangi.com/politik1/read/23690/hatta-prabowo-hatta-prioritaskan-sektor-pendidikan,
0131,hr,"Insya Allah, saya akan melindungi pasar tradisional. Tak boleh ada lagi supermarket yang dekat dengan permukiman dan pasar tradisional. Ini perlu penyelarasan sejumlah aturan, dan saya bersama Pak Prabowo bertekad untuk menyelamatkan pelaku pasar kecil dan menengah",,2014-05-31,antaranews.com,Hatta Rajasa Berjanji Lindungi pedagang Pasar Tradisional,"Calon Wakil Presiden koalisi Merah Putih, Hatta Rajasa, berjanji untuk mengakomodir dan melindungi kepentingan pedagang pasar tradisional karena selama ini hampir di seluruh kota besar dibanjiri pasar modern.",http://www.antaranews.com/berita/436683/hatta-rajasa-berjanji-lindungi-pedagang-pasar-tradisional,
0132,hr,"Harapan besar sekali saya melihat warga Nusa Tenggara Barat (NTB) yang semakin maju, tentunya dengan pembangunan merata, saya yakin Indonesia bisa lebih terdepan di mata dunia,",,2014-06-04,metronews.com,Hatta Ingin Pembangunan Indonesia Merata,"Calon wakil presiden nomor urut 1 Hatta Rajasa bertekad memajukan sistem pembangunan di Indonesia Timur. Sebab, dari aspek ekonomi maupun transfer teknologi saat ini rata-rata berpusat di Indonesia bagian barat. Pembangunan di Indonesia dinilai kurang merata.",http://pemilu.metrotvnews.com/read/2014/06/04/248917/hatta-ingin-pembangunan-di-indonesia-merata,
0133,hr,"Tidak boleh ada tindakan diskriminatif terhadap agama. Jadi, kita harus hidup rukun dan menghormati setiap pilihan dari umat kita untuk memeluk agama masing-masing,",,2014-06-02,Kompas.com,Hatta Minta Semua Umat Beragama Dapat Saling Menghormati,"Hatta menyampaikan pendapatnya itu saat diminta tanggapan soal kekerasan oleh orang tak dikenal di Gereja Banteng, Ngaglik, Yogyakarta, pada Kamis (29/5/2014). Dia berpendapat pula persoalan kerukunan umat beragama ini merupakan bagian dari penerapan falsafah Pancasila.",http://nasional.kompas.com/read/2014/06/02/2314510/Hatta.Minta.Semua.Umat.Beragama.Dapat.Saling.Menghormati,artikel
0134,hr,"Banyak sekali (Timses), tadi disebutkan saya tidak bisa menyebutkan satu persatu. Ada Mahfud MD, Rhoma Irama, Hary Tanoe dan masih banyak lagi,",,,detik.com,,awapres Hatta Rajasa menyebut sudah banyak pihak yang menjadi tim suksesnya untuk memenangkan Pilpres 2014 nanti. Timses Hatta Rajasa terdiri dari kader partai pendukung dan kader di luar partai pendukung. Salah satunya Hary Tanoe.,http://news.detik.com/pemilu2014/read/2014/05/21/221611/2588981/1562/hatta-rajasa-sebut-hary-tanoe-bagian-dari-timsesnya?992204topnews,artikel
0135,hr,"secara fisik republik ini memang sudah merdeka sejak 17 Agustus 1945, tapi masih belum merdeka dalam pengertian luas.",,2014-06-04,suara-islam.com,,"Calon wakil presiden Hatta Rajasa mengatakan, secara fisik republik ini memang sudah merdeka sejak 17 Agustus 1945, tapi masih belum merdeka dalam pengertian luas.",http://www.suara-islam.com/read/index/11071/-Hatta-Rajasa---Indonesia-Belum-Merdeka,
0136,hr,"Nomor 1 atau 2 sama saja, tak ada makna khusus,",,2014-05-31,tempo.com,Hatta: Nomor Urut Tak Penting,"Hatta Rajasa, calon wakil presiden dari poros koalisi yang dipimpin Partai Gerakan Indonesia Raya, tak memedulikan dapat nomor urut berapa saat bertarung dalam pemilihan presiden 9 Juli mendatang.",http://pemilu.tempo.co/read/news/2014/05/31/269581457/Hatta-Nomor-Urut-Tak-Penting,
0137,hr,"Kita belum ke sana (sharing power). Namun saya optimis, kader Demokrat akan memilih Prabowo dan Hatta",,2014-05-20,medandailybisnis.com,Hatta Yakin Kader Demokrat pilih prabowo,Ketua Umum PAN Hatta Radjasa semalam bertemu dengan Susilo Bambang Yudhoyono di Cikeas. Hatta yakin para kader Demokrat akan mendukung Prabowo dan dirinya di Pilpres 9 Juli 2014.,http://medanbisnisdaily.com/news/read/2014/05/20/96396/hatta_yakin_kader_demokrat_pilih_prabowo/#.U5GDPHKSxcg,
0138,hr,"Saya kira, itu adalah putra-putra terbaik bangsa. Sama juga Pak Prabowo, juga putra terbaik bangsa",,2014-03-19,jpnn.com,Hatta Anggap jokowi-Jk Putra terbaik bangsa,Hatta yang akan berlaga di pilpres nanti sebagai cawapres Prabowo justru tak menunjukkan aroma persaingan. Pria yang juga Ketua Umum Partai Amanat Nasional (PAN) itu malah memuji duet Jokowi-JK.,http://www.jpnn.com/read/2014/05/19/235334/Hatta-Anggap-Jokowi-JK-Putra-Terbaik-Bangsa-,
0139,hr,"Ya tentu siapa yang tidak ingin tokoh sekaliber HT bergabung, tidak akan hanya jadi timses tapi ini Pak Hary yang tahu (putuskan). Bisa jadi lebih besar lagi (tawaran menteri)",,2014-05-24,Islam times,Hatta Rajasa janjikan kursi menteri untuk hary tanoe,"Cawapres Prabowo, Hatta Rajasa mengunjungi kediaman Hary Tanoesoedibjo petang ini. Dalam kesempatan tersebut, Hary Tanoe (HT) yang juga Bos MNC Grup dijadikan sebagai penasihat tim pemenangan Prabowo-Hatta. Tak hanya jadi tim penasihat pemenangan, politisi Hanura itu pun digadang-gadang bakal jadi menteri bila Prabowo dan Hatta menang dalam pilpres Juli mendatang.",http://www.islamtimes.org/vdcb0sbf9rhbwwp.qnur.html,
0140,hr,Kita sepakat Pak Mahfud MD jadi Ketua Bapilu (pemenangan pemilu presiden),,2014-05-20,,Mahfud MD menjadi ketua bappilu pasangan prabowo hatta,"Mahfud MD yang sudah di lepeh (dibuang) oleh Jokowi dan PDIP serta dikhianati Cak Imin (Muhaimin Iskandar), kini didudukan oleh pasangan capres-cawapres Prabowo Subianto dan Hatta Rajasa, sebagai Ketua Bapilu (Badan Pemenangan Pemilu).",http://www.voa-islam.com/read/indonesiana/2014/05/20/30492/mahfud-md-menjadi-ketua-bappilu-pasangan-prabowohatta/#sthash.W8E8Usqb.dpbs,
0141,hr,Kita harus agresif dalam pencegahan dan pemberantasan korupsi,,2014-06-09,Liputan6.com,Hatta: Kita harus agresif cegah dan berantas korupsi,strategi Prabowo-Hatta adalah memperkuat komisi pemberantasan korupsi(KPK),http://indonesia-baru.liputan6.com/read/2060817/hatta-kita-harus-agresif-cegah-dan-berantas-korupsi,
0142,hr,"Ya selamat, bilang ya",,2014-06-10,Liputan6.com,Hatta ucapkan selamat Jokowi unggul survei debat,Cawapres Hatta Rajasa mengaku menghormati hasil survei itu,http://indonesia-baru.liputan6.com/read/2061363/hatta-ucapkan-selamat-jokowi-unggul-survei-debat-capres,
0143,hr,Tadi malam saya melakukan diskusi dialog dengan Pak Prabowo tentang materi atau substansi yang akan menjadi materi perdebatan nanti malam.Hari ini saya refresh melihat kembali apa-apa saja sebetulnya yang sudah kita capai dalam 3 substansi tersebut.dan apa yang belum kita capai dan apa yang harus kita capai ke depan.,,2014-06-09,Liputan6.com,Cawapres Hatta fokus debat capres,calon wakil presiden (Cawapres) Hatta Rajasa sengaja menyisihkan agenda kampanye.sejumlah persiapan dilakukan agar dirinya tampil prima dalam debat Capres perdana yang akan digelar senin malam ini.,http://indonesia-baru.liputan6.com/read/2060680/cawapres-hatta-fokus-debat-capres,
0144,hr,"Ya itu tadi bagian daripada Black Campaign dan ancaman-ancaman teror itu kan nggak baik,nggak sehat.kalau sudah ancaman seperti itu jangan dianggap sepele.",,2014-06-08,Liputan6.com,Hatta: Ancaman bom hanya buat takut warga datang ke rumah Polonia,Cawapres Hatta Rajasa menilai ancaman tersebut adalah bagian dari Black Campaign atau kampanye hitam.,www.liputan6.com/tag/hatta-rajasa,
0145,hr,"Jangan kita biarkan masyarakat kita terjabak dalam black campaign,kita carikan upaya yang baik",,2014-06-08,Liputan6.com,"bertemu forum Pemred,Hatta Rajasa minta bangun kampanye sehat",Hatta Rajasa meminta media ikut berperan dalam medidik masyarakat agar tidak terjebak black campaign atau kampanye hitam,http://indonesia-baru.liputan6.com/read/2060111/bertemu-forum-pemred-hatta-rajasa-minta-bangun-kampanye-sehat,
0146,hr,Sebagian besar mayoritas itu memberikan dukungan kepada kita.seperti Marzukie Ali dan Pramono.,,2014-06-07,Liputan6.com,Hatta yakin didukung mayoritas kader Demokrat,"Ketua umum partai amanat nasional(PAN) itu pun meyakini,dengan dukungan sejumlah elite demokrat,perolehan suara untuk memenangkan dirinya dan Prabowo pada pilpres akan bertambah.",http://indonesia-baru.liputan6.com/read/2060018/hatta-yakin-didukung-mayoritas-kader-demokrat,
0147,hr,"Anak saya sudah masuk pengadilan,sudah dihukum,saya sendiri yang mengantarkan apa kurang itu?",,2014-06-07,Merdeka.com,"Hatta: Anak saya sudah dihukum,apa masih kurang?","wacana soal kesetaraan hukum ramai jadi perbincangan.terlebih,hal itu diungkapkan oleh Cawapress Hatta.beberapa pihak menuding omongan Hatta tidak sesuai dengan realita perihal kasus kecelakaan anaknya beberapa waktu lalu.",http://www.merdeka.com/politik/hatta-anak-saya-sudah-dihukum-apa-masih-kurang.html,
0148,hr,"saya sudah sangat meyakini sejak reformasi TNI di kita adalah salah satu tentara yang paling profesional di dunia,setelah reformasi dan politiknya lurus ke atas politik negara",,2014-06-07,Merdeka.com,"Hatta Rajasa yakin Babinsa TNI profesional,bisa jaga netralitas",Calon wakil presiden Hatta Rajasa meyakini Bintara Pembina Desa (Babinsa)TNI tidak melakukan pelanggaran kampanye.,http://www.merdeka.com/politik/hatta-rajasa-yakin-babinsa-tni-profesional-bisa-jaga-netralitas.html,
0149,hr,Jangan dibeda-bedakan pendidikan di pondok dan pendidikan formal.jangan ada diskriminasi terhadap pendidikan,,2014-06-13,Merdeka.com,Hatta: Sampai kapanpun pondok pesantren tetap relevan,"Menurutnya,filosofi pendidikan Prabowo-Hatta adalah kecerdasan dan moral.sampai kapanpun pondok pesantren tetap dibutuhkan masyarakat.",http://www.merdeka.com/politik/hatta-sampai-kapanpun-pondok-pesantren-tetap-relevan.html,
0150,hr,"Jika kami terpilih kami akan membiayai pendidikan sekolah dua belas tahun.tidak boleh anak-anak kita tidak berpendidikan,itu perintah Allah",,2014-06-13,Merdeka.com,"Hatta: Anak-anak harus berpendidikan,itu perintah Allah",menurutnya manusia diciptaka tuhan untuk belajar.negara pun harus membuka akses pendidikan yang berkualitas dan terjangkau bagi masyarakat.,http://www.merdeka.com/politik/hatta-anak-anak-harus-berpendidikan-itu-perintah-allah.html,
0151,hr,Tong hilap pilih nomor hiji nya ngke salapan Juli (jangan lupa pilih nomor 1 ya nanti 9 Juli),,2014-07-02,Liputan6.com,Hatta Rajasa:Tong hilap pilih nomor hiji nya,"Dalam kesempatan tersebut, Hatta juga mengajak para pedagang dan pengunjung pasar untuk memilih pasangan Prabowo-Hatta pada Pemilu Presiden (Pilpres) 9 Juli nanti dengan logat Sunda.",http://indonesia-baru.liputan6.com/read/2071826/hatta-rajasa-itong-hilap-pilih-nomor-hiji-nyai,
