id,province_id,city,date,status
1,51,KAB. GIANYAR,2/21/2018,Gelombang III
2,51,KAB. KLUNGKUNG,12/16/2018,Gelombang III
3,51,KAB. KARANG ASEM,7/21/2015,Gelombang I
4,51,KAB. BADUNG,8/5/2015,Gelombang I
5,51,KAB. BANGLI,8/5/2015,Gelombang I
6,51,KAB. TABANAN,8/9/2015,Gelombang I
7,51,KOTA DENPASAR,8/11/2015,Gelombang I
8,51,KAB. JEMBRANA,2/16/2016,Gelombang I
9,51,KAB. BULELENG,7/24/2017,Gelombang II
10,36,KAB. TANGERANG,3/22/2018,Gelombang III
11,36,KOTA SERANG,12/5/2018,Gelombang III
12,36,KOTA TANGERANG,12/24/2018,Gelombang III
13,36,KAB. LEBAK,1/15/2019,Gelombang III
14,36,KOTA CILEGON,7/20/2015,Gelombang I
15,36,KAB. SERANG,7/28/2015,Gelombang I
16,36,KAB. PANDEGLANG,3/10/2016,Gelombang I
17,36,KOTA TANGERANG SELATAN,4/20/2016,Gelombang I
18,17,KOTA BENGKULU,1/21/2018,Gelombang III
19,17,KAB. MUKOMUKO,8/15/2015,Gelombang I
20,17,KAB. SELUMA,8/16/2015,Gelombang I
21,17,KAB. KEPAHIANG,8/30/2015,Gelombang I
22,17,KAB. LEBONG,8/30/2015,Gelombang I
23,17,KAB. BENGKULU SLTN,9/16/2015,Gelombang I
24,17,KAB. REJANG LEBONG,9/17/2015,Gelombang I
25,17,KAB. BENGKULU UTARA,2/4/2016,Gelombang I
26,17,KAB. KAUR,5/21/2016,Gelombang I
27,17,KAB. BENGKULU TENGAH,4/17/2017,Gelombang II
28,34,KAB. BANTUL,7/27/2015,Gelombang I
29,34,KAB. GUNUNG KIDUL,7/28/2015,Gelombang I
30,34,KAB. SLEMAN,8/10/2015,Gelombang I
31,34,KAB. KULON PROGO,8/24/2016,Gelombang II
32,34,KOTA YOGYAKARTA,12/20/2016,Gelombang II
33,75,KAB. GORONTALO UTARA,12/6/2018,Gelombang III
34,75,KOTA GORONTALO,6/2/2019,Gelombang III
35,75,KAB. GORONTALO,8/30/2015,Gelombang I
36,75,KAB. BONE BOLANGO,9/18/2015,Gelombang I
37,75,KAB. POHUWATO,9/22/2015,Gelombang I
38,75,KAB. BOALEMO,2/1/2017,Gelombang II
39,15,KAB. MERANGIN,8/6/2018,Gelombang III
40,15,KOTA JAMBI,10/31/2018,Gelombang III
41,15,KAB. KERINCI,3/4/2019,Gelombang III
42,15,KAB. TANJUNG JBNG BARAT,1/27/2016,Gelombang I
43,15,KAB. BATANGHARI,1/30/2016,Gelombang I
44,15,KAB. TANJUNG JBNG TIMUR,4/12/2016,Gelombang I
45,15,KAB. BUNGO,6/14/2016,Gelombang I
46,15,KOTA SUNGAI PENUH,6/25/2016,Gelombang I
47,15,KAB. MUARO JAMBI,7/19/2016,Gelombang II
48,15,KAB. SAROLANGUN,7/31/2016,Gelombang II
49,15,KAB. TEBO,9/8/2016,Gelombang II
50,32,KOTA BEKASI,3/10/2018,Gelombang III
51,32,KAB. PURWAKARTA,3/13/2018,Gelombang III
52,32,KOTA CIREBON,4/16/2018,Gelombang III
53,32,KOTA SUKABUMI,5/13/2018,Gelombang III
54,32,KOTA BANDUNG,7/5/2018,Gelombang III
55,32,KAB. BANDUNG BARAT,7/17/2018,Gelombang III
56,32,KAB. SUMEDANG,9/16/2018,Gelombang III
57,32,KAB. KUNINGAN,12/4/2018,Gelombang III
58,32,KOTA BANJAR,12/4/2018,Gelombang III
59,32,KAB. MAJALENGKA,12/12/2018,Gelombang III
60,32,KAB. SUBANG,12/19/2018,Gelombang III
61,32,KAB. BOGOR,12/30/2018,Gelombang III
62,32,KAB. GARUT,1/23/2019,Gelombang III
63,32,KAB. CIREBON,3/19/2019,Gelombang III
64,32,KAB. CIAMIS,4/6/2019,Gelombang III
65,32,KOTA BOGOR,4/7/2019,Gelombang III
66,32,KAB. PANGANDARAN,4/22/2015,Gelombang I
67,32,KAB. SUKABUMI,8/29/2015,Gelombang I
68,32,KAB. INDRAMAYU,12/12/2015,Gelombang I
69,32,KAB. BANDUNG,12/15/2015,Gelombang I
70,32,KAB. KARAWANG,12/27/2015,Gelombang I
71,32,KOTA DEPOK,1/26/2016,Gelombang I
72,32,KAB. TASIKMALAYA,3/8/2016,Gelombang I
73,32,KAB. CIANJUR,5/18/2016,Gelombang I
74,32,KAB. BEKASI,5/14/2017,Gelombang II
75,32,KOTA CIMAHI,10/19/2017,Gelombang II
76,32,KOTA TASIKMALAYA,11/14/2017,Gelombang II
77,33,KAB. BANYUMAS,4/11/2018,Gelombang III
78,33,KAB. TEMANGGUNG,7/29/2018,Gelombang III
79,33,KAB. KUDUS,8/13/2018,Gelombang III
80,33,KAB. KARANGANYAR,12/15/2018,Gelombang III
81,33,KAB. TEGAL,1/8/2019,Gelombang III
82,33,KAB. MAGELANG,1/29/2019,Gelombang III
83,33,KOTA TEGAL,3/23/2019,Gelombang III
84,33,KOTA SEMARANG,7/19/2015,Gelombang I
85,33,KAB. REMBANG,7/20/2015,Gelombang I
86,33,KAB. KEBUMEN,7/26/2015,Gelombang I
87,33,KAB. PURBALINGGA,7/27/2015,Gelombang I
88,33,KOTA SURAKARTA,7/28/2015,Gelombang I
89,33,KAB. BOYOLALI,8/3/2015,Gelombang I
90,33,KOTA PEKALONGAN,8/9/2015,Gelombang I
91,33,KAB. BLORA,8/11/2015,Gelombang I
92,33,KAB. KENDAL,8/23/2015,Gelombang I
93,33,KOTA MAGELANG,8/29/2015,Gelombang I
94,33,KAB. SUKOHARJO,9/1/2015,Gelombang I
95,33,KAB. SEMARANG,9/28/2015,Gelombang I
96,33,KAB. WONOSOBO,10/30/2015,Gelombang I
97,33,KAB. PURWOREJO,10/30/2015,Gelombang I
98,33,KAB. WONOGIRI,11/1/2015,Gelombang I
99,33,KAB. KLATEN,12/2/2015,Gelombang I
100,33,KAB. PEMALANG,1/24/2016,Gelombang I
101,33,KAB. GROBOGAN,3/14/2016,Gelombang I
102,33,KAB. DEMAK,5/3/2016,Gelombang I
103,33,KAB. SRAGEN,5/4/2016,Gelombang I
104,33,KAB. PEKALONGAN,6/27/2016,Gelombang I
105,33,KOTA SALATIGA,7/11/2016,Gelombang II
106,33,KAB. BANJARNEGARA,10/18/2016,Gelombang II
107,33,KAB. BATANG,2/13/2017,Gelombang II
108,33,KAB. JEPARA,4/10/2017,Gelombang II
109,33,KAB. PATI,8/7/2017,Gelombang II
110,33,KAB. CILACAP,11/19/2017,Gelombang II
111,33,KAB. BREBES,12/4/2017,Gelombang II
112,35,KAB. PROBOLINGGO,2/20/2018,Gelombang III
113,35,KAB. SAMPANG,2/26/2018,Gelombang III
114,35,KAB. BANGKALAN,3/4/2018,Gelombang III
115,35,KAB. BOJONEGORO,3/13/2018,Gelombang III
116,35,KAB. NGANJUK,4/16/2018,Gelombang III
117,35,KAB. PAMEKASAN,4/22/2018,Gelombang III
118,35,KAB. TULUNGAGUNG,4/30/2018,Gelombang III
119,35,KAB. PASURUAN,7/9/2018,Gelombang III
120,35,KAB. MAGETAN,7/23/2018,Gelombang III
121,35,KAB. MADIUN,8/3/2018,Gelombang III
122,35,KAB. LUMAJANG,8/26/2018,Gelombang III
123,35,KOTA MALANG,9/13/2018,Gelombang III
124,35,KAB. BONDOWOSO,9/16/2018,Gelombang III
125,35,KAB. JOMBANG,9/24/2018,Gelombang III
126,35,KOTA MOJOKERTO,12/8/2018,Gelombang III
127,35,KOTA PROBOLINGGO,1/28/2019,Gelombang III
128,35,KOTA KEDIRI,4/2/2019,Gelombang III
129,35,KOTA MADIUN,4/29/2019,Gelombang III
130,35,KAB. NGAWI,7/27/2015,Gelombang I
131,35,KOTA BLITAR,8/3/2015,Gelombang I
132,35,KAB. LAMONGAN,8/9/2015,Gelombang I
133,35,KAB. JEMBER,8/11/2015,Gelombang I
134,35,KAB. PONOROGO,8/12/2015,Gelombang I
135,35,KAB. KEDIRI,8/19/2015,Gelombang I
136,35,KAB. SITUBONDO,9/6/2015,Gelombang I
137,35,KAB. GRESIK,9/27/2015,Gelombang I
138,35,KOTA SURABAYA,9/28/2015,Gelombang I
139,35,KAB. TRENGGALEK,10/4/2015,Gelombang I
140,35,KOTA PASURUAN,10/18/2015,Gelombang I
141,35,KAB. MOJOKERTO,10/18/2015,Gelombang I
142,35,KAB. SUMENEP,10/19/2015,Gelombang I
143,35,KAB. BANYUWANG,10/21/2015,Gelombang I
144,35,KAB. MALANG,10/26/2015,Gelombang I
145,35,KAB. SIDOARJO,11/1/2015,Gelombang I
146,35,KAB. BLITAR,1/31/2016,Gelombang I
147,35,KAB. PACITAN,2/21/2016,Gelombang I
148,35,KAB. TUBAN,6/20/2016,Gelombang I
149,35,KOTA BATU,12/26/2017,Gelombang II
150,61,KAB. KAYONG UTARA,6/25/2018,Gelombang III
151,61,KOTA PONTIANAK,12/23/2018,Gelombang III
152,61,KAB. SANGGAU,2/5/2019,Gelombang III
153,61,KAB. KUBU RAYA,2/17/2019,Gelombang III
154,61,KAB. PONTIANAK,4/14/2019,Gelombang III
155,61,KAB. KAPUAS HULU,8/4/2015,Gelombang I
156,61,KAB. BENGKAYANG,8/10/2015,Gelombang I
157,61,KAB. SEKADAU,8/16/2015,Gelombang I
158,61,KAB. MELAWI,8/19/2015,Gelombang I
159,61,KAB. SINTANG,8/26/2015,Gelombang I
160,61,KAB. KETAPANG,8/30/2015,Gelombang I
161,61,KAB. SAMBAS,6/12/2016,Gelombang I
162,61,KAB. LANDAK,9/6/2016,Gelombang II
163,61,KOTA SINGKAWANG,12/17/2017,Gelombang II
164,63,KAB. TAPIN,2/19/2018,Gelombang III
165,63,KAB. HULU SUNGAI SELATAN,6/17/2018,Gelombang III
166,63,KAB. TANAH LAUT,7/24/2018,Gelombang III
167,63,KAB. TABALONG,3/17/2019,Gelombang III
168,63,KAB. BANJAR,8/6/2015,Gelombang I
169,63,KAB. KOTABARU,8/10/2015,Gelombang I
170,63,KOTA BANJARBARU,8/11/2015,Gelombang I
171,63,KOTA BANJARMASIN,8/12/2015,Gelombang I
172,63,KAB. BALANGAN,8/13/2015,Gelombang I
173,63,KAB. HULU SUNGAI TENGAH,8/31/2015,Gelombang I
174,63,KAB. TANAH BUMBU,9/20/2015,Gelombang I
175,63,KAB. HULU SUNGAI UTARA,10/9/2017,Gelombang II
176,63,KAB. BARITO KUALA,11/4/2017,Gelombang II
177,62,KAB. KAPUAS,4/25/2018,Gelombang III
178,62,KAB. SUKAMARA,7/22/2018,Gelombang III
179,62,KAB. LAMANDAU,7/22/2018,Gelombang III
180,62,KAB. SERUYAN,7/23/2018,Gelombang III
181,62,KAB. KATINGAN,7/24/2018,Gelombang III
182,62,KAB. PULANG PISAU,7/24/2018,Gelombang III
183,62,KAB. MURUNG RAYA,7/26/2018,Gelombang III
184,62,KAB. BARITO TIMUR,7/26/2018,Gelombang III
185,62,KOTA PALANGKARAYA,9/23/2018,Gelombang III
186,62,KAB. BARITO UTARA,9/23/2018,Gelombang III
187,62,KAB. GUNUNG MAS,5/28/2019,Gelombang III
188,62,KAB. KOTAWARINGIN TIMUR,10/25/2015,Gelombang I
189,62,KAB. BARITO SELATAN,9/19/2016,Gelombang II
190,62,KAB. KOTAWARINGIN BARAT,12/30/2016,Gelombang II
191,64,KAB. PANAJAM PASUT,7/31/2018,Gelombang III
192,64,KAB. MAHAKAM ULU,4/22/2015,Gelombang I
193,64,KAB. KUTAI KARTANEGARA,6/30/2015,Gelombang I
194,64,KAB. PASER,8/31/2015,Gelombang I
195,64,KAB. BERAU,9/15/2015,Gelombang I
196,64,KOTA SAMARINDA,11/23/2015,Gelombang I
197,64,KAB. KUTAI TIMUR,2/13/2016,Gelombang I
198,64,KOTA BONTANG,3/23/2016,Gelombang I
199,64,KAB. KUTAI BARAT,4/19/2016,Gelombang I
200,64,KOTA BALIKPAPAN,5/30/2016,Gelombang I
201,65,KOTA TARAKAN,3/1/2019,Gelombang III
202,65,KAB. TANA TIDUNG,1/18/2015,Gelombang I
203,65,KAB. BULUNGAN,9/1/2015,Gelombang I
204,65,KAB. MALINAU,4/3/2016,Gelombang I
205,65,KAB. NUNUKAN,5/31/2016,Gelombang I
206,19,KAB. BANGKA,9/25/2018,Gelombang III
207,19,KOTA PANGKAL PINANG,11/14/2018,Gelombang III
208,19,KAB. BELITUNG,12/31/2018,Gelombang III
209,19,KAB. BANGKA SELATAN,8/30/2015,Gelombang I
210,19,KAB. BELITUNG TIMUR,9/6/2015,Gelombang I
211,19,KAB. BANGKA TENGAH,9/24/2015,Gelombang I
212,19,KAB. BANGKA BARAT,12/6/2015,Gelombang I
213,21,KOTA TNJ. PINANG,1/16/2018,Gelombang III
214,21,KAB. KEP. ANAMBAS,8/9/2015,Gelombang I
215,21,KAB. BINTAN,8/10/2015,Gelombang I
216,21,KAB. LINGGA,8/11/2015,Gelombang I
217,21,KOTA BATAM,3/1/2016,Gelombang I
218,21,KAB. KARIMUN,3/23/2016,Gelombang I
219,21,KAB. NATUNA,5/4/2016,Gelombang I
220,18,KAB. TANGGAMUS,2/15/2018,Gelombang III
221,18,KAB. LAMPUNG UTARA,3/25/2019,Gelombang III
222,18,KAB. PESISIR BARAT,4/22/2015,Gelombang I
223,18,KAB. LAMPUNG SELATAN,8/6/2015,Gelombang I
224,18,KOTA METRO,8/20/2015,Gelombang I
225,18,KAB. WAY KANAN,8/23/2015,Gelombang I
226,18,KAB. LAMPUNG TIMUR,9/2/2015,Gelombang I
227,18,KOTA BANDAR LAMPUNG,9/15/2015,Gelombang I
228,18,KAB. PESAWARAN,9/20/2015,Gelombang I
229,18,KAB. LAMPUNG TNGH,11/12/2015,Gelombang I
230,18,KAB. TULANG BAWANG BARAT,11/14/2016,Gelombang II
231,18,KAB. PRINGSEWU,11/23/2016,Gelombang II
232,18,KAB. MESUJI,4/13/2017,Gelombang II
233,18,KAB. LAMPUNG BARAT,12/10/2017,Gelombang II
234,18,KAB. TULANG BAWANG,12/17/2017,Gelombang II
235,81,KAB. MALUKU TENGGARA,10/31/2018,Gelombang III
236,81,KOTA TUAL,10/31/2018,Gelombang III
237,81,KAB. KEP. ARU,10/30/2014,Gelombang I
238,81,KAB. SERAM BAGIAN TIMUR,9/13/2015,Gelombang I
239,81,KAB. MALUKU BARAT DAYA,4/26/2016,Gelombang I
240,81,KAB. BURU SELATAN,6/22/2016,Gelombang I
241,81,KOTA AMBON,8/4/2016,Gelombang II
242,81,KAB. SERAM BAGIAN BARAT,9/13/2016,Gelombang II
243,81,KAB. BURU,2/2/2017,Gelombang II
244,81,KAB. MALUKU TENGGARA BARAT,4/16/2017,Gelombang II
245,81,KAB. MALUKU TENGAH,9/8/2017,Gelombang II
246,82,KAB. PULAU TALIABU,4/22/2015,Gelombang I
247,82,KOTA TERNATE,8/10/2015,Gelombang I
248,82,KAB. HALMAHERA TIMUR,8/30/2015,Gelombang I
249,82,KAB. KEPULAUAN SULA,9/15/2015,Gelombang I
250,82,KAB. HALMAHERA UTARA,10/11/2015,Gelombang I
251,82,KOTA TIDORE KEPULAUAN,11/8/2015,Gelombang I
252,82,KAB. HALMAHERA SELATAN,1/17/2016,Gelombang I
253,82,KAB. HALMAHERA BARAT,2/4/2016,Gelombang I
254,82,KAB. PULAU MOROTAI,9/8/2016,Gelombang II
255,82,KAB. HALMAHERA TENGAH,12/23/2017,Gelombang II
256,11,KAB. ACEH SELATAN,4/15/2018,Gelombang III
257,11,KAB. PIDIE JAYA,2/3/2019,Gelombang III
258,11,KOTA SUBULUSSALAM,5/5/2019,Gelombang III
259,11,KAB. ACEH BESAR,7/3/2017,Gelombang II
260,11,KOTA BANDA ACEH,7/4/2017,Gelombang II
261,11,KAB. ACEH UTARA,7/5/2017,Gelombang II
262,11,KOTA LHOKSEUMAWE,7/5/2017,Gelombang II
263,11,KAB. ACEH TIMUR,7/6/2017,Gelombang II
264,11,KAB. ACEH JAYA,7/9/2017,Gelombang II
265,11,KAB. BENER MERIAH,7/11/2017,Gelombang II
266,11,KAB. PIDIE,7/12/2017,Gelombang II
267,11,KAB. SIMEULUE,7/16/2017,Gelombang II
268,11,KAB. ACEH SINGKIL,7/17/2017,Gelombang II
269,11,KAB. BIREUEN,8/6/2017,Gelombang II
270,11,KAB. ACEH BRT DAYA,8/13/2017,Gelombang II
271,11,KOTA LANGSA,8/27/2017,Gelombang II
272,11,KOTA SABANG,9/17/2017,Gelombang II
273,11,KAB. ACEH TENGGARA,9/24/2017,Gelombang II
274,11,KAB. GAYO LUES,9/25/2017,Gelombang II
275,11,KAB. ACEH BARAT,10/8/2017,Gelombang II
276,11,KAB. NAGAN RAYA,10/8/2017,Gelombang II
277,11,KAB. ACEH TENGAH,12/27/2017,Gelombang II
278,11,KAB. ACEH TAMIANG,12/28/2017,Gelombang II
279,52,KOTA BIMA,7/24/2018,Gelombang III
280,52,KAB. LOMBOK TIMUR,8/30/2018,Gelombang III
281,52,KAB. LOMBOK BARAT,4/23/2019,Gelombang III
282,52,KAB. LOMBOK UTARA,8/2/2015,Gelombang I
283,52,KAB. BIMA,8/9/2015,Gelombang I
284,52,KOTA MATARAM,8/10/2015,Gelombang I
285,52,KAB. SUMBAWA BARAT,8/13/2015,Gelombang I
286,52,KAB. DOMPU,10/18/2015,Gelombang I
287,52,KAB. LOMBOK TENGAH,11/27/2015,Gelombang I
288,52,KAB. SUMBAWA,1/17/2016,Gelombang I
289,53,KAB. SIKKA,7/6/2018,Gelombang III
290,53,KAB. SUMBA TENGAH,11/2/2018,Gelombang III
291,53,KAB. NAGEKEO,12/23/2018,Gelombang III
292,53,KAB ROTE NDAO,2/8/2019,Gelombang III
293,53,KAB. MANGGARAI TIMUR,2/14/2019,Gelombang III
294,53,KAB. TIMOR TENGAH SELATAN,3/6/2019,Gelombang III
295,53,KAB. ALOR,3/17/2019,Gelombang III
296,53,KAB. KUPANG,3/25/2019,Gelombang III
297,53,KAB. ENDE,4/7/2019,Gelombang III
298,53,KAB. SUMBA BARAT DAYA,9/8/2019,Gelombang III
299,53,KAB. BELU,4/22/2015,Gelombang I
300,53,KAB. MALAKA,4/22/2015,Gelombang I
301,53,KAB. MANGGARAI BARAT,8/30/2015,Gelombang I
302,53,KAB. SUMBA TIMUR,8/31/2015,Gelombang I
303,53,KAB. MANGGARAI,9/14/2015,Gelombang I
304,53,KAB. NGADA,9/14/2015,Gelombang I
305,53,KAB. SUMBA BARAT,9/21/2015,Gelombang I
306,53,KAB. TIMOR TENGAH UTARA,12/21/2015,Gelombang I
307,53,KAB. SABU RAIJUA,1/24/2016,Gelombang I
308,53,KAB. FLORES TIMUR,7/26/2016,Gelombang II
309,53,KAB. LEMBATA,8/25/2016,Gelombang II
310,53,KOTA KUPANG,8/1/2017,Gelombang II
311,91,KAB. MEMBRAMO TENGAH,3/15/2018,Gelombang III
312,91,KAB. PANIAI,4/16/2018,Gelombang III
313,91,KAB. PUNCAK,4/25/2018,Gelombang III
314,91,KAB. DEIYAI,8/20/2018,Gelombang III
315,91,KAB. JAYAWIJAYA,12/18/2018,Gelombang III
316,91,KAB. BIAK NUMFOR,3/13/2019,Gelombang III
317,91,KAB. MIMIKA,9/6/2019,Gelombang III
318,91,KAB. NABIRE,5/4/2015,Gelombang I
319,91,KAB. ASMAT,11/9/2015,Gelombang I
320,91,KAB. KEEROM,11/13/2015,Gelombang I
321,91,KAB. WAROFEN,11/15/2015,Gelombang I
322,91,KAB. MERAUKE,1/8/2016,Gelombang I
323,91,KAB. MEMBRAMO RAYA,1/15/2016,Gelombang I
324,91,KAB. PEGUNUNGAN BINTANG,1/17/2016,Gelombang I
325,91,KAB. BOVEN DIGOEL,3/7/2016,Gelombang I
326,91,KAB. YAHUKIMO,4/5/2016,Gelombang I
327,91,KAB. SUPIORI,5/21/2016,Gelombang I
328,91,KAB. YALIMO,6/11/2016,Gelombang I
329,91,KOTA JAYAPURA,7/21/2016,Gelombang II
330,91,KAB. NDUGA,9/30/2016,Gelombang II
331,91,KAB. LANNY JAYA,10/25/2016,Gelombang II
332,91,KAB. SARMI,12/28/2016,Gelombang II
333,91,KAB. MAPPI,2/9/2017,Gelombang II
334,91,KAB. TOLIKARA,7/10/2017,Gelombang II
335,91,KAB. KEP. YAPEN,9/7/2017,Gelombang II
336,91,KAB. JAYAPURA,10/6/2017,Gelombang II
337,91,KAB. INTAN JAYA,11/22/2017,Gelombang II
338,91,KAB. PUNCAK JAYA,12/8/2017,Gelombang II
339,91,KAB. DOGIYAI,12/18/2017,Gelombang II
340,92,KAB. PEGUNUNGAN ARFAK,4/22/2015,Gelombang I
341,92,KAB. MANOKWARI SELATAN,4/22/2015,Gelombang I
342,92,KAB. SORONG SELATAN,11/15/2015,Gelombang I
343,92,KAB. RAJA AMPAT,11/16/2015,Gelombang I
344,92,KAB. KAIMANA,11/23/2015,Gelombang I
345,92,KAB. TELUK BINTUNI,11/25/2015,Gelombang I
346,92,KAB. FAKFAK,12/6/2015,Gelombang I
347,92,KAB.TELUK WONDAMA,1/13/2016,Gelombang I
348,92,KAB. MANOKWARI,2/7/2016,Gelombang I
349,92,KAB. TAMBRAUW,10/29/2016,Gelombang II
350,92,KAB. MAYBRAT,11/21/2016,Gelombang II
351,92,KOTA SORONG,6/11/2017,Gelombang II
352,92,KAB. SORONG,6/12/2017,Gelombang II
353,14,KAB. INDRAGIRI HILIR,11/22/2018,Gelombang III
354,14,KAB. KEP. MERANTI,7/30/2015,Gelombang I
355,14,KAB. INDRAGIRI HULU,8/3/2015,Gelombang I
356,14,KAB. BENGKALIS,8/5/2015,Gelombang I
357,14,KOTA DUMAI,8/12/2015,Gelombang I
358,14,KAB. PELALAWAN,4/7/2016,Gelombang I
359,14,KAB. ROKAN HULU,4/19/2016,Gelombang I
360,14,KAB. KUATN SINGINGI,6/1/2016,Gelombang I
361,14,KAB. ROKAN HILIR,6/7/2016,Gelombang I
362,14,KAB. SIAK,6/19/2016,Gelombang I
363,14,KAB. KAMPAR,12/11/2016,Gelombang II
364,14,KOTA PEKANBARU,1/26/2017,Gelombang II
365,76,KAB. MAMASA,9/18/2018,Gelombang III
366,76,KAB. POLEWALI MANDAR,1/7/2019,Gelombang III
367,76,KAB. MAMUJU TENGAH,7/8/2015,Gelombang I
368,76,KAB. MAMUJU UTARA,10/5/2015,Gelombang I
369,76,KAB. MAMUJU,10/8/2015,Gelombang I
370,76,KAB. MAJENE,6/25/2016,Gelombang I
371,73,KAB. BONE,4/18/2018,Gelombang III
372,73,KOTA PALOPO,7/6/2018,Gelombang III
373,73,KAB. SINJAI,7/28/2018,Gelombang III
374,73,KAB. BANTAENG,8/15/2018,Gelombang III
375,73,KAB. ENREKANG,10/16/2018,Gelombang III
376,73,KOTA PAREPARE,10/30/2018,Gelombang III
377,73,KAB. SIDERENG RAPPANG,12/18/2018,Gelombang III
378,73,KAB. JENEPONTO,12/30/2018,Gelombang III
379,73,KAB. WAJO,2/10/2019,Gelombang III
380,73,KAB. LUWU,2/15/2019,Gelombang III
381,73,KAB. PINRANG,4/24/2019,Gelombang III
382,73,KOTA MAKASSAR,5/8/2019,Gelombang III
383,73,KAB. PANGKAJENE KEP.,8/8/2015,Gelombang I
384,73,KAB. BARRU,8/10/2015,Gelombang I
385,73,KAB. GOWA,8/11/2015,Gelombang I
386,73,KAB. MAROS,8/13/2015,Gelombang I
387,73,KAB. LUWU TIMUR,8/27/2015,Gelombang I
388,73,KAB. TANA TORAJA,9/27/2015,Gelombang I
389,73,KAB. KEP. SELAYAR,9/30/2015,Gelombang I
390,73,KAB. SOPPENG,10/16/2015,Gelombang I
391,73,KAB. LUWU UTARA,11/3/2015,Gelombang I
392,73,KAB. BULUKUMBA,11/9/2015,Gelombang I
393,73,KAB. TORAJA UTARA,3/31/2016,Gelombang I
394,73,KAB. TAKALAR,12/21/2017,Gelombang II
395,72,KAB. MOROWALI,5/25/2018,Gelombang III
396,72,KAB. PARIGI MOUTONG,10/9/2018,Gelombang III
397,72,KAB. DONGGALA,1/15/2019,Gelombang III
398,72,KAB. BANGGAI LAUT,4/22/2015,Gelombang I
399,72,KAB. TOJO UNA-UNA,8/29/2015,Gelombang I
400,72,KAB. POSO,8/30/2015,Gelombang I
401,72,KAB. TOLI-TOLI,9/14/2015,Gelombang I
402,72,KOTA PALU,10/11/2015,Gelombang I
403,72,KAB. MOROWALI UTARA,10/23/2015,Gelombang I
404,72,KAB. SIGI,11/22/2015,Gelombang I
405,72,KAB. BANGGAI,6/8/2016,Gelombang I
406,72,KAB. BANGGAI KEP.,9/29/2016,Gelombang II
407,72,KAB. BUOL,10/10/2017,Gelombang II
408,74,KOTA BAU-BAU,1/30/2018,Gelombang III
409,74,KAB. KONAWE,6/17/2018,Gelombang III
410,74,KAB. KOLAKA,1/15/2019,Gelombang III
411,74,KAB. KOLAKA TIMUR,4/22/2015,Gelombang I
412,74,KAB. BUTON UTARA,6/10/2015,Gelombang I
413,74,KAB. KONAWE SELATAN,8/12/2015,Gelombang I
414,74,KAB. MUNA,9/16/2015,Gelombang I
415,74,KAB. KONAWE KEPULAUAN,10/23/2015,Gelombang I
416,74,KAB. KONAWE UTARA,4/21/2016,Gelombang I
417,74,KAB. WAKATOBI,6/28/2016,Gelombang I
418,74,KAB. MUNA BARAT,DOB,Gelombang I
419,74,KAB. BUTON SELATAN,DOB,Gelombang I
420,74,KAB. BUTON TENGAH,DOB,Gelombang I
421,74,KAB. BOMBANA,8/2/2016,Gelombang II
422,74,KAB. KOLAKA UTARA,6/18/2017,Gelombang II
423,74,KAB. BUTON,8/18/2017,Gelombang II
424,74,KOTA KENDARI,10/8/2017,Gelombang II
425,71,KAB. MINAHASA,3/17/2018,Gelombang III
426,71,KAB. BOLMONG UTARA,9/5/2018,Gelombang III
427,71,KAB. SITARO,9/8/2018,Gelombang III
428,71,KOTA KOTAMOBAGU,9/22/2018,Gelombang III
429,71,KAB. MINAHASA TENGGARA,9/24/2018,Gelombang III
430,71,KAB. KEP. TALAUD,7/21/2019,Gelombang III
431,71,KAB. BOLMONG TIMUR,10/4/2015,Gelombang I
432,71,KAB. MINAHASA UTARA,12/10/2015,Gelombang I
433,71,KOTA MANADO,12/10/2015,Gelombang I
434,71,KAB. MINAHASA SELATAN,12/14/2015,Gelombang I
435,71,KAB. BOLMONG SELATAN,12/16/2015,Gelombang I
436,71,KOTA TOMOHON,1/7/2016,Gelombang I
437,71,KOTA BITUNG,2/21/2016,Gelombang I
438,71,KAB. BOLAANG MONGONDOW,7/16/2016,Gelombang II
439,71,KAB. KEP. SANGIHE,11/1/2016,Gelombang II
440,13,KOTA SAWAHLUNTO,6/25/2018,Gelombang III
441,13,KOTA PDG PANJANG,10/1/2018,Gelombang III
442,13,KOTA PARIAMAN,10/9/2018,Gelombang III
443,13,KOTA PADANG,5/13/2019,Gelombang III
444,13,KAB. SOLOK,8/2/2015,Gelombang I
445,13,KAB. DHARMASRAYA,8/12/2015,Gelombang I
446,13,KOTA BUKITTINGGI,8/13/2015,Gelombang I
447,13,KAB. SOLOK SELATAN,8/20/2015,Gelombang I
448,13,KAB. PASAMAN BARAT,8/27/2015,Gelombang I
449,13,KAB. PASAMAN,8/29/2015,Gelombang I
450,13,KOTA SOLOK,8/31/2015,Gelombang I
451,13,KAB.PESISIR SELATAN,9/17/2015,Gelombang I
452,13,KAB. SIJUNJUNG,9/22/2015,Gelombang I
453,13,KAB. TANAH DATAR,9/26/2015,Gelombang I
454,13,KAB. PADANG PARIAMAN,10/25/2015,Gelombang I
455,13,KAB. AGAM,10/26/2015,Gelombang I
456,13,KAB. LIMA PULUH KOTA,11/11/2015,Gelombang I
457,13,KAB. KEP. MENTAWAI,12/5/2016,Gelombang II
458,13,KOTA PAYAKUMBUH,9/23/2017,Gelombang II
459,16,KOTA LUBUKLINGGAU,2/24/2018,Gelombang III
460,16,KOTA PAGAR ALAM,4/23/2018,Gelombang III
461,16,KOTA PRABUMULIH,5/13/2018,Gelombang III
462,16,KAB. MUARA ENIM,6/20/2018,Gelombang III
463,16,KOTA PALEMBANG,7/21/2018,Gelombang III
464,16,KAB. EMPAT LAWANG,8/26/2018,Gelombang III
465,16,KAB. BANYUASIN,9/9/2018,Gelombang III
466,16,KAB. LAHAT,12/9/2018,Gelombang III
467,16,KAB. OGAN KOMERING ILIR,1/15/2019,Gelombang III
468,16,KAB. MUSIRAWAS UTARA,10/23/2014,Gelombang I
469,16,KAB. PENUNGKAL ABAB LEMATANG ILIR UTARA,4/22/2015,Gelombang I
470,16,KAB. OGAN KOMERING HULU,8/22/2015,Gelombang I
471,16,KAB. OGAN ILIR,8/22/2015,Gelombang I
472,16,KAB. OKU SELATAN,8/23/2015,Gelombang I
473,16,KAB. OKU TIMUR,8/23/2015,Gelombang I
474,16,KAB. MUSI RAWAS,9/5/2015,Gelombang I
475,16,KAB. MUSI BANYUASIN,1/16/2017,Gelombang II
476,12,KOTA PD. SIDEMPUAN,1/4/2018,Gelombang III
477,12,KAB. PADANG LAWAS UTARA,11/27/2018,Gelombang III
478,12,KAB. BATU BARA,12/24/2018,Gelombang III
479,12,KAB. PADANG LAWAS,2/10/2019,Gelombang III
480,12,KAB. LANGKAT,2/20/2019,Gelombang III
481,12,KAB. DELI SERDANG,4/14/2019,Gelombang III
482,12,KAB. TAPANULI UTARA,4/16/2019,Gelombang III
483,12,KAB. DAIRI,4/22/2019,Gelombang III
484,12,KOTA MEDAN,7/26/2015,Gelombang I
485,12,KAB. SERDANG BEDAGAI,8/5/2015,Gelombang I
486,12,KAB. TAPANULI SELATAN,8/12/2015,Gelombang I
487,12,KAB. TOBA SAMOSIR,8/12/2015,Gelombang I
488,12,KOTA BINJAI,8/13/2015,Gelombang I
489,12,KAB. LABUHAN BATU,8/19/2015,Gelombang I
490,12,KAB. ASAHAN,8/19/2015,Gelombang I
491,12,KAB. PAKPAK BHARAT,8/25/2015,Gelombang I
492,12,KOTA SIBOLGA,8/26/2015,Gelombang I
493,12,KAB. HUMBANG HASUNDTN,8/26/2015,Gelombang I
494,12,KAB. SAMOSIR,9/15/2015,Gelombang I
495,12,KOTA PEMATANGSIANTAR,9/22/2015,Gelombang I
496,12,KAB. SIMALUNGUN,10/25/2015,Gelombang I
497,12,KAB. LABUHANBATU UTARA,11/15/2015,Gelombang I
498,12,KOTA TANJUNG BALAI,2/7/2016,Gelombang I
499,12,KAB. LABUHANBATU SELATAN,2/11/2016,Gelombang I
500,12,KAB. KARO,3/25/2016,Gelombang I
501,12,KAB. NIAS SELATAN,4/12/2016,Gelombang I
502,12,KAB. NIAS UTARA,4/12/2016,Gelombang I
503,12,KAB. NIAS BARAT,4/13/2016,Gelombang I
504,12,KOTA GUNUNG SITOLI,4/13/2016,Gelombang I
505,12,KAB. NIAS,6/9/2016,Gelombang I
506,12,KAB. MANDAILING NATAL,6/28/2016,Gelombang I
507,12,KOTA TEBINGTINGGI,8/5/2016,Gelombang II
508,12,KAB. TPNULI TENGAH,8/9/2016,Gelombang II
