lembaga,tahun,id_provinsi,nama_provinsi,id_dapil,nama_dapil,id_partai,nama_partai,urutan,id,nama,jenis_kelamin,agama,tempat_lahir,tanggal_lahir,status_perkawinan,nama_pasangan,jumlah_anak,kelurahan_tinggal,kecamatan_tinggal,kab_kota_tinggal,provinsi_tinggal,foto_url
DPRDI,2014,82,MALUKU UTARA,8200-01-0000,MALUT 1,1,PARTAI NASDEM,1,8200-01-0000-0101,SMUNANDAR AIMSYAH,L,,,,,,,,,KOTA TERNATE,,
DPRDI,2014,82,MALUKU UTARA,8200-01-0000,MALUT 1,1,PARTAI NASDEM,2,8200-01-0000-0102,"A. BASIR PELUPESSY, SH",L,,,,,,,,,KOTA TERNATE,,
DPRDI,2014,82,MALUKU UTARA,8200-01-0000,MALUT 1,1,PARTAI NASDEM,3,8200-01-0000-0103,"SEFRINA KAYEU, SH",P,,,,,,,,,KAB. HALMAHERA BARAT,,
DPRDI,2014,82,MALUKU UTARA,8200-01-0000,MALUT 1,1,PARTAI NASDEM,4,8200-01-0000-0104,"HERY SARODEN, SE",L,,,,,,,,,KOTA TERNATE,,
DPRDI,2014,82,MALUKU UTARA,8200-01-0000,MALUT 1,1,PARTAI NASDEM,5,8200-01-0000-0105,"dahlan tan, sh.mh",L,,,,,,,,,KOTA TERNATE,,
DPRDI,2014,82,MALUKU UTARA,8200-01-0000,MALUT 1,1,PARTAI NASDEM,6,8200-01-0000-0106,VIDYAALWI,P,,,,,,,,,KOTA TERNATE,,
DPRDI,2014,82,MALUKU UTARA,8200-01-0000,MALUT 1,1,PARTAI NASDEM,7,8200-01-0000-0107,BAHARULLAH A. KARIM,L,,,,,,,,,KOTA TERNATE,,
DPRDI,2014,82,MALUKU UTARA,8200-01-0000,MALUT 1,1,PARTAI NASDEM,8,8200-01-0000-0108,SIMON PETRUS JANUBI,L,,,,,,,,,KAB. HALMAHERA BARAT,,
DPRDI,2014,82,MALUKU UTARA,8200-01-0000,MALUT 1,1,PARTAI NASDEM,9,8200-01-0000-0109,NURLAILA ADAM,P,,,,,,,,,KOTA TERNATE,,
DPRDI,2014,82,MALUKU UTARA,8200-01-0000,MALUT 1,1,PARTAI NASDEM,10,8200-01-0000-0110,GAZALI Hi YAHYA,L,,,,,,,,,KOTA TERNATE,,
DPRDI,2014,82,MALUKU UTARA,8200-01-0000,MALUT 1,1,PARTAI NASDEM,11,8200-01-0000-0111,DARTIMASA,P,,,,,,,,,KOTA TERNATE,,
DPRDI,2014,82,MALUKU UTARA,8200-01-0000,MALUT 1,1,PARTAI NASDEM,12,8200-01-0000-0112,"RAIS SAHAN MARSAOLY, SE",L,,,,,,,,,KOTA TERNATE,,
DPRDI,2014,82,MALUKU UTARA,8200-01-0000,MALUT 1,2,PARTAI KEBANGKITAN BANGSA,1,8200-01-0000-0201,"JASRI USMAN, S.Ag",L,,,,,,,,,KOTA TERNATE,,
DPRDI,2014,82,MALUKU UTARA,8200-01-0000,MALUT 1,2,PARTAI KEBANGKITAN BANGSA,2,8200-01-0000-0202,Drs. NAFTALI HASANG,L,,,,,,,,,KAB. HALMAHERA BARAT,,
DPRDI,2014,82,MALUKU UTARA,8200-01-0000,MALUT 1,2,PARTAI KEBANGKITAN BANGSA,3,8200-01-0000-0203,BANDAR LAMPUNG,P,,,,,,,,,BANDAR LAMPUNG,,
DPRDI,2014,82,MALUKU UTARA,8200-01-0000,MALUT 1,2,PARTAI KEBANGKITAN BANGSA,4,8200-01-0000-0204,"AJID M. ALI, SE",L,,,,,,,,,KOTA TERNATE,,
DPRDI,2014,82,MALUKU UTARA,8200-01-0000,MALUT 1,2,PARTAI KEBANGKITAN BANGSA,5,8200-01-0000-0205,FAHMI HI. HUSAIN,L,,,,,,,,,KAB. HALMAHERA BARAT,,
DPRDI,2014,82,MALUKU UTARA,8200-01-0000,MALUT 1,2,PARTAI KEBANGKITAN BANGSA,6,8200-01-0000-0206,SARMI TAHER,P,,,,,,,,,KOTA TERNATE,,
DPRDI,2014,82,MALUKU UTARA,8200-01-0000,MALUT 1,2,PARTAI KEBANGKITAN BANGSA,7,8200-01-0000-0207,ODE ABA,L,,,,,,,,,KOTA TERNATE,,
DPRDI,2014,82,MALUKU UTARA,8200-01-0000,MALUT 1,2,PARTAI KEBANGKITAN BANGSA,8,8200-01-0000-0208,"AZIZATUL AMSILA UMASUGI, SP",P,,,,,,,,,KOTA TERNATE,,
DPRDI,2014,82,MALUKU UTARA,8200-01-0000,MALUT 1,2,PARTAI KEBANGKITAN BANGSA,9,8200-01-0000-0209,"MUHAMMADNUR A. BAILUSY, S.Pd.I",L,,,,,,,,,KOTA TERNATE,,
DPRDI,2014,82,MALUKU UTARA,8200-01-0000,MALUT 1,2,PARTAI KEBANGKITAN BANGSA,10,8200-01-0000-0210,"martina syahroni, se",P,,,,,,,,,KOTA TERNATE,,
DPRDI,2014,82,MALUKU UTARA,8200-01-0000,MALUT 1,2,PARTAI KEBANGKITAN BANGSA,11,8200-01-0000-0211,RUSTINI S. RAHMAN,P,,,,,,,,,KOTA TERNATE,,
DPRDI,2014,82,MALUKU UTARA,8200-01-0000,MALUT 1,3,PARTAI KEADILAN SEJAHTERA,1,8200-01-0000-0301,"BASRIN KANAHA, S.Pd",L,,,,,,,,,KOTA TERNATE/ PULAU TERNATE,,
DPRDI,2014,82,MALUKU UTARA,8200-01-0000,MALUT 1,3,PARTAI KEADILAN SEJAHTERA,2,8200-01-0000-0302,JENA ANDRES,P,,,,,,,,,KOTA TERNATE/ TERNATE SELATAN,,
DPRDI,2014,82,MALUKU UTARA,8200-01-0000,MALUT 1,3,PARTAI KEADILAN SEJAHTERA,3,8200-01-0000-0303,"RAJAB ADE, SP",L,,,,,,,,,KAB. HALMAHERA BARAT,,
DPRDI,2014,82,MALUKU UTARA,8200-01-0000,MALUT 1,3,PARTAI KEADILAN SEJAHTERA,4,8200-01-0000-0304,"TASLIM MUHAMMAD, S.Pd",L,,,,,,,,,KOTA TERNATE,,
DPRDI,2014,82,MALUKU UTARA,8200-01-0000,MALUT 1,3,PARTAI KEADILAN SEJAHTERA,5,8200-01-0000-0305,DJUFRI S.J SANGADJI,L,,,,,,,,,KOTA TERNATE,,
DPRDI,2014,82,MALUKU UTARA,8200-01-0000,MALUT 1,3,PARTAI KEADILAN SEJAHTERA,6,8200-01-0000-0306,"NURFYAH LANGGUHE, ST",P,,,,,,,,,KOTA TERNATE,,
DPRDI,2014,82,MALUKU UTARA,8200-01-0000,MALUT 1,3,PARTAI KEADILAN SEJAHTERA,7,8200-01-0000-0307,RABANI PATTY,L,,,,,,,,,KOTA TERNATE,,
DPRDI,2014,82,MALUKU UTARA,8200-01-0000,MALUT 1,3,PARTAI KEADILAN SEJAHTERA,8,8200-01-0000-0308,MAHRUMI H ISMAIL,L,,,,,,,,,KOTA TERNATE,,
DPRDI,2014,82,MALUKU UTARA,8200-01-0000,MALUT 1,3,PARTAI KEADILAN SEJAHTERA,9,8200-01-0000-0309,MARDAYATI UMAGAPI,P,,,,,,,,,KOTA TERNATE,,
DPRDI,2014,82,MALUKU UTARA,8200-01-0000,MALUT 1,3,PARTAI KEADILAN SEJAHTERA,10,8200-01-0000-0310,NANIK HERNIAWATI,P,,,,,,,,,KOTA TERNATE,,
DPRDI,2014,82,MALUKU UTARA,8200-01-0000,MALUT 1,3,PARTAI KEADILAN SEJAHTERA,11,8200-01-0000-0311,GAMALUDIN USMAN,L,,,,,,,,,KAB. HALMAHERA BARAT,,
DPRDI,2014,82,MALUKU UTARA,8200-01-0000,MALUT 1,4,PARTAI DEMOKRASI INDONESIA PERJUANGAN,1,8200-01-0000-0401,"H. AGIL BOPENG, BSc",L,,,,,,,,,KOTA TERNATE,,
DPRDI,2014,82,MALUKU UTARA,8200-01-0000,MALUT 1,4,PARTAI DEMOKRASI INDONESIA PERJUANGAN,2,8200-01-0000-0402,"SAIFUL WAHID, SH",L,,,,,,,,,KOTA TERNATE,,
DPRDI,2014,82,MALUKU UTARA,8200-01-0000,MALUT 1,4,PARTAI DEMOKRASI INDONESIA PERJUANGAN,3,8200-01-0000-0403,OLIVA F. WOROTIKAN,P,,,,,,,,,KAB. HALMAHERA BARAT,,
DPRDI,2014,82,MALUKU UTARA,8200-01-0000,MALUT 1,4,PARTAI DEMOKRASI INDONESIA PERJUANGAN,4,8200-01-0000-0404,RUDY KHARIE,L,,,,,,,,,KOTA TERNATE,,
DPRDI,2014,82,MALUKU UTARA,8200-01-0000,MALUT 1,4,PARTAI DEMOKRASI INDONESIA PERJUANGAN,5,8200-01-0000-0405,"BERNARD MADESE, SE, MA",L,,,,,,,,,KAB. HALMAHERA BARAT,,
DPRDI,2014,82,MALUKU UTARA,8200-01-0000,MALUT 1,4,PARTAI DEMOKRASI INDONESIA PERJUANGAN,6,8200-01-0000-0406,NURSIA ABD. KADIR,P,,,,,,,,,KOTA TERNATE,,
DPRDI,2014,82,MALUKU UTARA,8200-01-0000,MALUT 1,4,PARTAI DEMOKRASI INDONESIA PERJUANGAN,7,8200-01-0000-0407,"RIDWAN GOGOS, SE",L,,,,,,,,,KOTA TERNATE,,
DPRDI,2014,82,MALUKU UTARA,8200-01-0000,MALUT 1,4,PARTAI DEMOKRASI INDONESIA PERJUANGAN,8,8200-01-0000-0408,dr. DONY MAKANGIRAS,L,,,,,,,,,KAB. HALMAHERA BARAT,,
DPRDI,2014,82,MALUKU UTARA,8200-01-0000,MALUT 1,4,PARTAI DEMOKRASI INDONESIA PERJUANGAN,9,8200-01-0000-0409,"FONIIKE SAMAD, SP",P,,,,,,,,,KAB. HALMAHERA BARAT,,
DPRDI,2014,82,MALUKU UTARA,8200-01-0000,MALUT 1,4,PARTAI DEMOKRASI INDONESIA PERJUANGAN,10,8200-01-0000-0410,HAMBALI IDRIS,L,,,,,,,,,KOTA TERNATE,,
DPRDI,2014,82,MALUKU UTARA,8200-01-0000,MALUT 1,4,PARTAI DEMOKRASI INDONESIA PERJUANGAN,11,8200-01-0000-0411,"ROSANA A. DINGKU, S.Sos",P,,,,,,,,,KOTA TERNATE,,
DPRDI,2014,82,MALUKU UTARA,8200-01-0000,MALUT 1,4,PARTAI DEMOKRASI INDONESIA PERJUANGAN,12,8200-01-0000-0412,"JERSY ROBA, SE",L,,,,,,,,,KAB. HALMAHERA BARAT,,
DPRDI,2014,82,MALUKU UTARA,8200-01-0000,MALUT 1,5,PARTAI GOLONGAN KARYA,1,8200-01-0000-0501,"RUSTAM KONORAS, SH",L,,,,,,,,,KOTA TERNATE,,
DPRDI,2014,82,MALUKU UTARA,8200-01-0000,MALUT 1,5,PARTAI GOLONGAN KARYA,2,8200-01-0000-0502,Hj. FARIDA DJANA,P,,,,,,,,,KOTA TERNATE,,
DPRDI,2014,82,MALUKU UTARA,8200-01-0000,MALUT 1,5,PARTAI GOLONGAN KARYA,3,8200-01-0000-0503,BENNY ANDHIKA AMA,L,,,,,,,,,KABUPATEN HALMAHERA BARAT,,
DPRDI,2014,82,MALUKU UTARA,8200-01-0000,MALUT 1,5,PARTAI GOLONGAN KARYA,4,8200-01-0000-0504,AG. MANDALA SANGADJI,L,,,,,,,,,KOTA TERNATE,,
DPRDI,2014,82,MALUKU UTARA,8200-01-0000,MALUT 1,5,PARTAI GOLONGAN KARYA,5,8200-01-0000-0505,MANCELINA LOBBY,P,,,,,,,,,KABUPATEN HALMAHERA BARAT,,
DPRDI,2014,82,MALUKU UTARA,8200-01-0000,MALUT 1,5,PARTAI GOLONGAN KARYA,6,8200-01-0000-0506,UMAR MADI,L,,,,,,,,,KOTA TERNATE,,
DPRDI,2014,82,MALUKU UTARA,8200-01-0000,MALUT 1,5,PARTAI GOLONGAN KARYA,7,8200-01-0000-0507,ISKANDAR M. SYAH,L,,,,,,,,,KOTA JAKARTA SELATAN,,
DPRDI,2014,82,MALUKU UTARA,8200-01-0000,MALUT 1,5,PARTAI GOLONGAN KARYA,8,8200-01-0000-0508,NABIHA ALWY,P,,,,,,,,,KOTA TERNATE,,
DPRDI,2014,82,MALUKU UTARA,8200-01-0000,MALUT 1,5,PARTAI GOLONGAN KARYA,9,8200-01-0000-0509,"MUHAMMAD RAMLI, SH",L,,,,,,,,,KOTA TERNATE,,
DPRDI,2014,82,MALUKU UTARA,8200-01-0000,MALUT 1,5,PARTAI GOLONGAN KARYA,10,8200-01-0000-0510,"M. QASIN AHSIN, MA",L,,,,,,,,,KABUPATEN HALMAHERA BARAT,,
DPRDI,2014,82,MALUKU UTARA,8200-01-0000,MALUT 1,5,PARTAI GOLONGAN KARYA,11,8200-01-0000-0511,"Drs. H. BARHAM H. DAIYAN, MM",L,,,,,,,,,KOTA TERNATE,,
DPRDI,2014,82,MALUKU UTARA,8200-01-0000,MALUT 1,5,PARTAI GOLONGAN KARYA,12,8200-01-0000-0512,ODE HINDA ODE MADISURU,P,,,,,,,,,KOTA TERNATE,,
DPRDI,2014,82,MALUKU UTARA,8200-01-0000,MALUT 1,6,PARTAI GERAKAN INDONESIA RAYA,1,8200-01-0000-0601,"DR. H. WAHDAZ IMAM, SH.MH",L,,,,,,,,,KOTA TERNATE,,
DPRDI,2014,82,MALUKU UTARA,8200-01-0000,MALUT 1,6,PARTAI GERAKAN INDONESIA RAYA,2,8200-01-0000-0602,hj. farida djama,L,,,,,,,,,KOTA TERNATE,,
DPRDI,2014,82,MALUKU UTARA,8200-01-0000,MALUT 1,6,PARTAI GERAKAN INDONESIA RAYA,3,8200-01-0000-0603,MARLITHA PUASA,P,,,,,,,,,KOTA TERNATE,,
DPRDI,2014,82,MALUKU UTARA,8200-01-0000,MALUT 1,6,PARTAI GERAKAN INDONESIA RAYA,4,8200-01-0000-0604,"MACHMUD ESA, SE",L,,,,,,,,,KOTA TERNATE,,
DPRDI,2014,82,MALUKU UTARA,8200-01-0000,MALUT 1,6,PARTAI GERAKAN INDONESIA RAYA,5,8200-01-0000-0605,NOVALINA BERNARD,P,,,,,,,,,KOTA TERNATE,,
DPRDI,2014,82,MALUKU UTARA,8200-01-0000,MALUT 1,6,PARTAI GERAKAN INDONESIA RAYA,6,8200-01-0000-0606,ABDILLAH ALBAAR,L,,,,,,,,,KOTA TERNATE,,
DPRDI,2014,82,MALUKU UTARA,8200-01-0000,MALUT 1,6,PARTAI GERAKAN INDONESIA RAYA,7,8200-01-0000-0607,"RIDWAN GAIFUR, SH",L,,,,,,,,,KOTA TERNATE,,
DPRDI,2014,82,MALUKU UTARA,8200-01-0000,MALUT 1,6,PARTAI GERAKAN INDONESIA RAYA,8,8200-01-0000-0608,KAMELIA DAMITI,P,,,,,,,,,KOTA TERNATE,,
DPRDI,2014,82,MALUKU UTARA,8200-01-0000,MALUT 1,6,PARTAI GERAKAN INDONESIA RAYA,9,8200-01-0000-0609,"Drs. JOHNY KAOTJIL, SE",L,,,,,,,,,KOTA TERNATE,,
DPRDI,2014,82,MALUKU UTARA,8200-01-0000,MALUT 1,6,PARTAI GERAKAN INDONESIA RAYA,10,8200-01-0000-0610,DESY FIFIANTY,P,,,,,,,,,KOTA TERNATE,,
DPRDI,2014,82,MALUKU UTARA,8200-01-0000,MALUT 1,6,PARTAI GERAKAN INDONESIA RAYA,11,8200-01-0000-0611,IRWAN ABDUL GANI,L,,,,,,,,,KOTA TERNATE,,
DPRDI,2014,82,MALUKU UTARA,8200-01-0000,MALUT 1,6,PARTAI GERAKAN INDONESIA RAYA,12,8200-01-0000-0612,"VICTOR ANGGY, ST",L,,,,,,,,,JAKARTA,,
DPRDI,2014,82,MALUKU UTARA,8200-01-0000,MALUT 1,7,PARTAI DEMOKRAT,1,8200-01-0000-0701,"FAHRI K. SANGADJI, S.SOS., M.SI",L,,,,,,,,,KOTA TERNATE,,
DPRDI,2014,82,MALUKU UTARA,8200-01-0000,MALUT 1,7,PARTAI DEMOKRAT,2,8200-01-0000-0702,HJ. RADHIAM ALHADAR,P,,,,,,,,,KOTA TERNATE,,
DPRDI,2014,82,MALUKU UTARA,8200-01-0000,MALUT 1,7,PARTAI DEMOKRAT,3,8200-01-0000-0703,"JASMAN NASIR, S.Sos",L,,,,,,,,,KOTA TERNATE,,
DPRDI,2014,82,MALUKU UTARA,8200-01-0000,MALUT 1,7,PARTAI DEMOKRAT,4,8200-01-0000-0704,"M. AULI ARMAIYN, SE",L,,,,,,,,,KOTA TERNATE,,
DPRDI,2014,82,MALUKU UTARA,8200-01-0000,MALUT 1,7,PARTAI DEMOKRAT,5,8200-01-0000-0705,drs. h. ibrahim conoras,L,,,,,,,,,KOTA TERNATE,,
DPRDI,2014,82,MALUKU UTARA,8200-01-0000,MALUT 1,7,PARTAI DEMOKRAT,6,8200-01-0000-0706,"SITI MAIMUNAH Hi, ABD. RAHMAN",P,,,,,,,,,KOTA TERNATE,,
DPRDI,2014,82,MALUKU UTARA,8200-01-0000,MALUT 1,7,PARTAI DEMOKRAT,7,8200-01-0000-0707,BOY FATAHA ANDRES,L,,,,,,,,,KOTA TERNATE,,
DPRDI,2014,82,MALUKU UTARA,8200-01-0000,MALUT 1,7,PARTAI DEMOKRAT,8,8200-01-0000-0708,SEHAN ALBAAR,L,,,,,,,,,KOTA TERNATE,,
DPRDI,2014,82,MALUKU UTARA,8200-01-0000,MALUT 1,7,PARTAI DEMOKRAT,9,8200-01-0000-0709,SARBANUN TALABUDDIN,P,,,,,,,,,KOTA TERNATE,,
DPRDI,2014,82,MALUKU UTARA,8200-01-0000,MALUT 1,7,PARTAI DEMOKRAT,10,8200-01-0000-0710,"MUSA KENO, SH",L,,,,,,,,,KAB. HALMAHERA BARAT,,
DPRDI,2014,82,MALUKU UTARA,8200-01-0000,MALUT 1,7,PARTAI DEMOKRAT,11,8200-01-0000-0711,IDA ARISTINA MAULANA,P,,,,,,,,,MALUKU UTARA,,
DPRDI,2014,82,MALUKU UTARA,8200-01-0000,MALUT 1,7,PARTAI DEMOKRAT,12,8200-01-0000-0712,Drs. GAMALUDDIN A. GAFUR,L,,,,,,,,,KAB. HALMAHERA BARAT,,
DPRDI,2014,82,MALUKU UTARA,8200-01-0000,MALUT 1,8,PARTAI AMANAT NASIONAL,1,8200-01-0000-0801,MUHAMMAD IQBAL MAHMUD,L,,,,,,,,,KOTA TERNATE,,
DPRDI,2014,82,MALUKU UTARA,8200-01-0000,MALUT 1,8,PARTAI AMANAT NASIONAL,2,8200-01-0000-0802,"HAMID HUSAIN, ST",L,,,,,,,,,KOTA TERNATE,,
DPRDI,2014,82,MALUKU UTARA,8200-01-0000,MALUT 1,8,PARTAI AMANAT NASIONAL,3,8200-01-0000-0803,NURDIYANA SYAH,P,,,,,,,,,KOTA TERNATE,,
DPRDI,2014,82,MALUKU UTARA,8200-01-0000,MALUT 1,8,PARTAI AMANAT NASIONAL,4,8200-01-0000-0804,ISHAK Hi. ABDUL GANI,L,,,,,,,,,KAB. HALMAHERA BARAT,,
DPRDI,2014,82,MALUKU UTARA,8200-01-0000,MALUT 1,8,PARTAI AMANAT NASIONAL,5,8200-01-0000-0805,ISKANDAR IDRUS,L,,,,,,,,,KAB. HALMAHERA BARAT,,
DPRDI,2014,82,MALUKU UTARA,8200-01-0000,MALUT 1,8,PARTAI AMANAT NASIONAL,6,8200-01-0000-0806,NILA WAHID,P,,,,,,,,,KOTA TERNATE,,
DPRDI,2014,82,MALUKU UTARA,8200-01-0000,MALUT 1,8,PARTAI AMANAT NASIONAL,7,8200-01-0000-0807,AMIN S SANGAJI,L,,,,,,,,,KAB. HALMAHERA BARAT,,
DPRDI,2014,82,MALUKU UTARA,8200-01-0000,MALUT 1,8,PARTAI AMANAT NASIONAL,8,8200-01-0000-0808,badar a base,L,,,,,,,,,KOTA TERNATE,,
DPRDI,2014,82,MALUKU UTARA,8200-01-0000,MALUT 1,8,PARTAI AMANAT NASIONAL,9,8200-01-0000-0809,SITI AISYAH BANGSA,P,,,,,,,,,KOTA TERNATE,,
DPRDI,2014,82,MALUKU UTARA,8200-01-0000,MALUT 1,8,PARTAI AMANAT NASIONAL,10,8200-01-0000-0810,Drs. Hi. MUCHLIS ACHMAD,L,,,,,,,,,KOTA TERNATE,,
DPRDI,2014,82,MALUKU UTARA,8200-01-0000,MALUT 1,8,PARTAI AMANAT NASIONAL,11,8200-01-0000-0811,FARIDA SIDJAYA,P,,,,,,,,,KOTA TERNATE,,
DPRDI,2014,82,MALUKU UTARA,8200-01-0000,MALUT 1,8,PARTAI AMANAT NASIONAL,12,8200-01-0000-0812,MUHAMMAD ZAID,L,,,,,,,,,KOTA TERNATE,,
DPRDI,2014,82,MALUKU UTARA,8200-01-0000,MALUT 1,9,PARTAI PERSATUAN PEMBANGUNAN,1,8200-01-0000-0901,MOHAMAD RIDWAN TJAN,L,,,,,,,,,KOTA TERNATE,,
DPRDI,2014,82,MALUKU UTARA,8200-01-0000,MALUT 1,9,PARTAI PERSATUAN PEMBANGUNAN,2,8200-01-0000-0902,H. DJUFRI SUTRISNO,L,,,,,,,,,KOTA TERNATE,,
DPRDI,2014,82,MALUKU UTARA,8200-01-0000,MALUT 1,9,PARTAI PERSATUAN PEMBANGUNAN,3,8200-01-0000-0903,FAIZAH ALHADI,P,,,,,,,,,KOTA TERNATE,,
DPRDI,2014,82,MALUKU UTARA,8200-01-0000,MALUT 1,9,PARTAI PERSATUAN PEMBANGUNAN,4,8200-01-0000-0904,Drs. ABDULLAH ABUBAKAR,L,,,,,,,,,KOTA TERNATE,,
DPRDI,2014,82,MALUKU UTARA,8200-01-0000,MALUT 1,9,PARTAI PERSATUAN PEMBANGUNAN,5,8200-01-0000-0905,"H. WAHAB IBRAHIM, SH.MM",L,,,,,,,,,KOTA TERNATE,,
DPRDI,2014,82,MALUKU UTARA,8200-01-0000,MALUT 1,9,PARTAI PERSATUAN PEMBANGUNAN,6,8200-01-0000-0906,EFI FADILLAH YUNUS,P,,,,,,,,,KOTA TERNATE,,
DPRDI,2014,82,MALUKU UTARA,8200-01-0000,MALUT 1,9,PARTAI PERSATUAN PEMBANGUNAN,7,8200-01-0000-0907,RATO HAMIDI,L,,,,,,,,,KOTA TERNATE,,
DPRDI,2014,82,MALUKU UTARA,8200-01-0000,MALUT 1,9,PARTAI PERSATUAN PEMBANGUNAN,8,8200-01-0000-0908,H. ISMAL LAITUPA,L,,,,,,,,,KOTA TERNATE,,
DPRDI,2014,82,MALUKU UTARA,8200-01-0000,MALUT 1,9,PARTAI PERSATUAN PEMBANGUNAN,9,8200-01-0000-0909,"NURAIN YUSUP, SE",P,,,,,,,,,KOTA TERNATE,,
DPRDI,2014,82,MALUKU UTARA,8200-01-0000,MALUT 1,9,PARTAI PERSATUAN PEMBANGUNAN,10,8200-01-0000-0910,"Hi. SAMSUDIN ABAS, SH",L,,,,,,,,,KOTA TERNATE,,
DPRDI,2014,82,MALUKU UTARA,8200-01-0000,MALUT 1,9,PARTAI PERSATUAN PEMBANGUNAN,11,8200-01-0000-0911,DWIYANTI EMELYA,P,,,,,,,,,KOTA TERNATE,,
DPRDI,2014,82,MALUKU UTARA,8200-01-0000,MALUT 1,9,PARTAI PERSATUAN PEMBANGUNAN,12,8200-01-0000-0912,"hi. muhamad nur hi. saleh, sh",L,,,,,,,,,KOTA TERNATE,,
DPRDI,2014,82,MALUKU UTARA,8200-01-0000,MALUT 1,10,PARTAI HATI NURANI RAKYAT,1,8200-01-0000-1001,"IKE MASITA TUNAS, S.Sos",P,,,,,,,,,KOTA TERNATE,,
DPRDI,2014,82,MALUKU UTARA,8200-01-0000,MALUT 1,10,PARTAI HATI NURANI RAKYAT,2,8200-01-0000-1002,rasyad fuad chalil,L,,,,,,,,,KOTA TERNATE,,
DPRDI,2014,82,MALUKU UTARA,8200-01-0000,MALUT 1,10,PARTAI HATI NURANI RAKYAT,3,8200-01-0000-1003,ASHARI TURUY,L,,,,,,,,,KOTA TERNATE,,
DPRDI,2014,82,MALUKU UTARA,8200-01-0000,MALUT 1,10,PARTAI HATI NURANI RAKYAT,4,8200-01-0000-1004,"HASIM ABDUL KARIM, SH",L,,,,,,,,,KOTA TERNATE,,
DPRDI,2014,82,MALUKU UTARA,8200-01-0000,MALUT 1,10,PARTAI HATI NURANI RAKYAT,5,8200-01-0000-1005,"RIDWAN SALAMA, SH",L,,,,,,,,,KOTA TERNATE,,
DPRDI,2014,82,MALUKU UTARA,8200-01-0000,MALUT 1,10,PARTAI HATI NURANI RAKYAT,6,8200-01-0000-1006,NOVITA PIA,P,,,,,,,,,KOTA TERNATE,,
DPRDI,2014,82,MALUKU UTARA,8200-01-0000,MALUT 1,10,PARTAI HATI NURANI RAKYAT,7,8200-01-0000-1007,"IMAM SISWANTO BOYRATAN,SE",L,,,,,,,,,KOTA TERNATE,,
DPRDI,2014,82,MALUKU UTARA,8200-01-0000,MALUT 1,10,PARTAI HATI NURANI RAKYAT,8,8200-01-0000-1008,SURAYA GURA,L,,,,,,,,,KAB. HALMAHERA BARAT,,
DPRDI,2014,82,MALUKU UTARA,8200-01-0000,MALUT 1,10,PARTAI HATI NURANI RAKYAT,9,8200-01-0000-1009,"ANAS SULAIMAN, SH",P,,,,,,,,,KOTA TERNATE,,
DPRDI,2014,82,MALUKU UTARA,8200-01-0000,MALUT 1,10,PARTAI HATI NURANI RAKYAT,10,8200-01-0000-1010,SADEK HAMISI,L,,,,,,,,,KOTA TERNATE,,
DPRDI,2014,82,MALUKU UTARA,8200-01-0000,MALUT 1,10,PARTAI HATI NURANI RAKYAT,11,8200-01-0000-1011,VIVI ANITA UMBOH,P,,,,,,,,,KOTA TERNATE,,
DPRDI,2014,82,MALUKU UTARA,8200-01-0000,MALUT 1,10,PARTAI HATI NURANI RAKYAT,12,8200-01-0000-1012,"NURHALIS PATTY, SS",L,,,,,,,,,KAB. HALMAHERA BARAT,,
DPRDI,2014,82,MALUKU UTARA,8200-01-0000,MALUT 1,14,PARTAI BULAN BINTANG,1,8200-01-0000-1401,Ir. MUHAMMAD ICHSAN EFFENDI,L,,,,,,,,,KOTA TERNATE,,
DPRDI,2014,82,MALUKU UTARA,8200-01-0000,MALUT 1,14,PARTAI BULAN BINTANG,2,8200-01-0000-1402,SUHRI HUD,L,,,,,,,,,KOTA TERNATE,,
DPRDI,2014,82,MALUKU UTARA,8200-01-0000,MALUT 1,14,PARTAI BULAN BINTANG,3,8200-01-0000-1403,PRAFITRI IMANIA,P,,,,,,,,,KOTA TERNATE,,
DPRDI,2014,82,MALUKU UTARA,8200-01-0000,MALUT 1,14,PARTAI BULAN BINTANG,4,8200-01-0000-1404,"MUCHLIS RADJILOEN, SH",L,,,,,,,,,KOTA TERNATE,,
DPRDI,2014,82,MALUKU UTARA,8200-01-0000,MALUT 1,14,PARTAI BULAN BINTANG,5,8200-01-0000-1405,EDUART DANGEUBUN,L,,,,,,,,,KAB. HALMAHERA BARAT,,
DPRDI,2014,82,MALUKU UTARA,8200-01-0000,MALUT 1,14,PARTAI BULAN BINTANG,6,8200-01-0000-1406,SURYATI Hi SAMAD,P,,,,,,,,,KOTA TERNATE,,
DPRDI,2014,82,MALUKU UTARA,8200-01-0000,MALUT 1,14,PARTAI BULAN BINTANG,7,8200-01-0000-1407,MULYONO SAMAN BUCHARI,L,,,,,,,,,KAB. HALMAHERA BARAT,,
DPRDI,2014,82,MALUKU UTARA,8200-01-0000,MALUT 1,14,PARTAI BULAN BINTANG,8,8200-01-0000-1408,BENJAMIN,L,,,,,,,,,KOTA TERNATE,,
DPRDI,2014,82,MALUKU UTARA,8200-01-0000,MALUT 1,14,PARTAI BULAN BINTANG,9,8200-01-0000-1409,asna assagaf,P,,,,,,,,,KOTA TERNATE,,
DPRDI,2014,82,MALUKU UTARA,8200-01-0000,MALUT 1,14,PARTAI BULAN BINTANG,10,8200-01-0000-1410,HADRA ABDULLAH,P,,,,,,,,,KOTA TERNATE,,
DPRDI,2014,82,MALUKU UTARA,8200-01-0000,MALUT 1,14,PARTAI BULAN BINTANG,11,8200-01-0000-1411,ALI ZULFIKAR,L,,,,,,,,,KOTA TERNATE,,
DPRDI,2014,82,MALUKU UTARA,8200-01-0000,MALUT 1,15,PARTAI KEADILAN DAN PERSATUAN INDONESIA,1,8200-01-0000-1501,HARDI SANGADJI,L,,,,,,,,,KOTA TERNATE,,
DPRDI,2014,82,MALUKU UTARA,8200-01-0000,MALUT 1,15,PARTAI KEADILAN DAN PERSATUAN INDONESIA,2,8200-01-0000-1502,"MUHAMMAD ALFARABI HANAFI, SP",L,,,,,,,,,KOTA TERNATE,,
DPRDI,2014,82,MALUKU UTARA,8200-01-0000,MALUT 1,15,PARTAI KEADILAN DAN PERSATUAN INDONESIA,3,8200-01-0000-1503,LIDIA MARIANA,P,,,,,,,,,KOTA TERNATE,,
DPRDI,2014,82,MALUKU UTARA,8200-01-0000,MALUT 1,15,PARTAI KEADILAN DAN PERSATUAN INDONESIA,4,8200-01-0000-1504,m. rizal ambarak,L,,,,,,,,,KOTA TERNATE,,
DPRDI,2014,82,MALUKU UTARA,8200-01-0000,MALUT 1,15,PARTAI KEADILAN DAN PERSATUAN INDONESIA,5,8200-01-0000-1505,"SANG SJARIFUDDIN, SE",L,,,,,,,,,KOTA TERNATE,,
DPRDI,2014,82,MALUKU UTARA,8200-01-0000,MALUT 1,15,PARTAI KEADILAN DAN PERSATUAN INDONESIA,6,8200-01-0000-1506,MISNA TOTOU,P,,,,,,,,,KOTA TERNATE,,
DPRDI,2014,82,MALUKU UTARA,8200-01-0000,MALUT 1,15,PARTAI KEADILAN DAN PERSATUAN INDONESIA,7,8200-01-0000-1507,NURHAYATI KUSYANTO,L,,,,,,,,,KOTA TERNATE,,
DPRDI,2014,82,MALUKU UTARA,8200-01-0000,MALUT 1,15,PARTAI KEADILAN DAN PERSATUAN INDONESIA,8,8200-01-0000-1508,NURDIN ABDUSSALAM,L,,,,,,,,,KOTA TERNATE,,
DPRDI,2014,82,MALUKU UTARA,8200-01-0000,MALUT 1,15,PARTAI KEADILAN DAN PERSATUAN INDONESIA,9,8200-01-0000-1509,HERNI SANGADJI,P,,,,,,,,,KOTA TERNATE,,
DPRDI,2014,82,MALUKU UTARA,8200-01-0000,MALUT 1,15,PARTAI KEADILAN DAN PERSATUAN INDONESIA,10,8200-01-0000-1510,M. IRWAN SAID TAMHER,L,,,,,,,,,KOTA TERNATE,,
DPRDI,2014,82,MALUKU UTARA,8200-01-0000,MALUT 1,15,PARTAI KEADILAN DAN PERSATUAN INDONESIA,11,8200-01-0000-1511,TOMMY WANGEAN,L,,,,,,,,,KAB. HALMAHERA BARAT,,
DPRDI,2014,82,MALUKU UTARA,8200-01-0000,MALUT 1,15,PARTAI KEADILAN DAN PERSATUAN INDONESIA,12,8200-01-0000-1512,BUSTAMIN S. ABDUL LATIF,L,,,,,,,,,KOTA TERNATE,,
DPRDI,2014,82,MALUKU UTARA,8200-02-0000,MALUT 2,1,PARTAI NASDEM,1,8200-02-0000-0101,MUCHLIS TAPI TAPI,L,,,,,,,,,KOTA TERNATE,,
DPRDI,2014,82,MALUKU UTARA,8200-02-0000,MALUT 2,1,PARTAI NASDEM,2,8200-02-0000-0102,sandy patriana mahura,P,,,,,,,,,KAB. HALMAHERA UTARA,,
DPRDI,2014,82,MALUKU UTARA,8200-02-0000,MALUT 2,1,PARTAI NASDEM,3,8200-02-0000-0103,IVAN Hi RAUF,L,,,,,,,,,PULAU MOROTAI,,
DPRDI,2014,82,MALUKU UTARA,8200-02-0000,MALUT 2,1,PARTAI NASDEM,4,8200-02-0000-0104,"Drs. KARWANTO HOHAKAY, M.Th",L,,,,,,,,,KAB. HALMAHERA UTARA,,
DPRDI,2014,82,MALUKU UTARA,8200-02-0000,MALUT 2,1,PARTAI NASDEM,5,8200-02-0000-0105,IBRAHIM MUSAPAO,L,,,,,,,,,PULAU MOROTAI,,
DPRDI,2014,82,MALUKU UTARA,8200-02-0000,MALUT 2,1,PARTAI NASDEM,6,8200-02-0000-0106,"JOHILDA TALABA, SE",P,,,,,,,,,KAB. HALMAHERAUTARA,,
DPRDI,2014,82,MALUKU UTARA,8200-02-0000,MALUT 2,1,PARTAI NASDEM,7,8200-02-0000-0107,"AMRIN Hi DALHAM, SH",L,,,,,,,,,KOTA TERNATE,,
DPRDI,2014,82,MALUKU UTARA,8200-02-0000,MALUT 2,1,PARTAI NASDEM,8,8200-02-0000-0108,"Pdt. Drs. EDDY SUMTAKI, M.Hum",L,,,,,,,,,KAB. HALMAHERA UTARA,,
DPRDI,2014,82,MALUKU UTARA,8200-02-0000,MALUT 2,1,PARTAI NASDEM,9,8200-02-0000-0109,ANITA DAENG MANIA,P,,,,,,,,,KAB. HALMAHERA UTARA,,
DPRDI,2014,82,MALUKU UTARA,8200-02-0000,MALUT 2,2,PARTAI KEBANGKITAN BANGSA,1,8200-02-0000-0201,Drs. H. SALAHUDIN BABA,L,,,,,,,,,KAB. HALMAHERA UTARA,,
DPRDI,2014,82,MALUKU UTARA,8200-02-0000,MALUT 2,2,PARTAI KEBANGKITAN BANGSA,2,8200-02-0000-0202,"JAHAR Hi. RAUF, S.PD",L,,,,,,,,,KAB. HALMAHERA UTARA,,
DPRDI,2014,82,MALUKU UTARA,8200-02-0000,MALUT 2,2,PARTAI KEBANGKITAN BANGSA,3,8200-02-0000-0203,FERAWATI MANTOTI,P,,,,,,,,,KAB. PULAU MOROTAI,,
DPRDI,2014,82,MALUKU UTARA,8200-02-0000,MALUT 2,2,PARTAI KEBANGKITAN BANGSA,4,8200-02-0000-0204,murfil deto,L,,,,,,,,,KAB. PULAU MOROTAI,,
DPRDI,2014,82,MALUKU UTARA,8200-02-0000,MALUT 2,2,PARTAI KEBANGKITAN BANGSA,5,8200-02-0000-0205,MUHAMA DONG SABAHA,L,,,,,,,,,KAB. HALMAHERA UTARA,,
DPRDI,2014,82,MALUKU UTARA,8200-02-0000,MALUT 2,2,PARTAI KEBANGKITAN BANGSA,6,8200-02-0000-0206,"sumiati tomadehe, S.H.I.",P,,,,,,,,,KAB. HALMAHERA UTARA,,
DPRDI,2014,82,MALUKU UTARA,8200-02-0000,MALUT 2,2,PARTAI KEBANGKITAN BANGSA,7,8200-02-0000-0207,DARSONO PARASAJA,L,,,,,,,,,KAB. HALMAHERA UTARA,,
DPRDI,2014,82,MALUKU UTARA,8200-02-0000,MALUT 2,2,PARTAI KEBANGKITAN BANGSA,8,8200-02-0000-0208,NOFRIANI KONOFO,P,,,,,,,,,KAB. HALMAHERA UTARA,,
DPRDI,2014,82,MALUKU UTARA,8200-02-0000,MALUT 2,2,PARTAI KEBANGKITAN BANGSA,9,8200-02-0000-0209,JUHRIA ADAM,P,,,,,,,,,KAB. HALMAHERA UTARA,,
DPRDI,2014,82,MALUKU UTARA,8200-02-0000,MALUT 2,3,PARTAI KEADILAN SEJAHTERA,1,8200-02-0000-0301,ALIMIN MUHAMMAD,L,,,,,,,,,KOTA TERNATE,,
DPRDI,2014,82,MALUKU UTARA,8200-02-0000,MALUT 2,3,PARTAI KEADILAN SEJAHTERA,2,8200-02-0000-0302,"H. RUSLI KARIM, BA",L,,,,,,,,,KOTA TERNATE,,
DPRDI,2014,82,MALUKU UTARA,8200-02-0000,MALUT 2,3,PARTAI KEADILAN SEJAHTERA,3,8200-02-0000-0303,"NAILA TAUDA, S.Pd",P,,,,,,,,,KAB. HALMAHERA UTARA,,
DPRDI,2014,82,MALUKU UTARA,8200-02-0000,MALUT 2,3,PARTAI KEADILAN SEJAHTERA,4,8200-02-0000-0304,"MALIK YUNUS, SKM",L,,,,,,,,,KAB. HALMAHERA UTARA,,
DPRDI,2014,82,MALUKU UTARA,8200-02-0000,MALUT 2,3,PARTAI KEADILAN SEJAHTERA,5,8200-02-0000-0305,"IRAWAN SIFATI, S.PD.I",L,,,,,,,,,KAB. PULAU MOROTAI,,
DPRDI,2014,82,MALUKU UTARA,8200-02-0000,MALUT 2,3,PARTAI KEADILAN SEJAHTERA,6,8200-02-0000-0306,"MUNJIA ABDULLAH, S.Pd",P,,,,,,,,,KAB. HALMAHERA UTARA,,
DPRDI,2014,82,MALUKU UTARA,8200-02-0000,MALUT 2,3,PARTAI KEADILAN SEJAHTERA,7,8200-02-0000-0307,"AMRAN PAPUA, S.Pd.I",L,,,,,,,,,KAB. HALMAHERA UTARA,,
DPRDI,2014,82,MALUKU UTARA,8200-02-0000,MALUT 2,3,PARTAI KEADILAN SEJAHTERA,8,8200-02-0000-0308,SARINUR HALIDA SHOW,P,,,,,,,,,KAB. HALMAHERA UTARA,,
DPRDI,2014,82,MALUKU UTARA,8200-02-0000,MALUT 2,3,PARTAI KEADILAN SEJAHTERA,9,8200-02-0000-0309,MIRWAN HUSEN,L,,,,,,,,,KOTA TERNATE,,
DPRDI,2014,82,MALUKU UTARA,8200-02-0000,MALUT 2,4,PARTAI DEMOKRASI INDONESIA PERJUANGAN,1,8200-02-0000-0401,"Wahyu muhammad, S.Pt.",L,,,,,,,,,KAB. PULAU MOROTAI,,
DPRDI,2014,82,MALUKU UTARA,8200-02-0000,MALUT 2,4,PARTAI DEMOKRASI INDONESIA PERJUANGAN,2,8200-02-0000-0402,AGUSTINA MAY LUHULIMA,P,,,,,,,,,KAB. HALMAHERA UTARA,,
DPRDI,2014,82,MALUKU UTARA,8200-02-0000,MALUT 2,4,PARTAI DEMOKRASI INDONESIA PERJUANGAN,3,8200-02-0000-0403,REGINALD P TANALISAN,L,,,,,,,,,KAB. HALMAHERA BARAT,,
DPRDI,2014,82,MALUKU UTARA,8200-02-0000,MALUT 2,4,PARTAI DEMOKRASI INDONESIA PERJUANGAN,4,8200-02-0000-0404,DR. MOCH. H. PANGERAN,L,,,,,,,,,KOTA TERNATE,,
DPRDI,2014,82,MALUKU UTARA,8200-02-0000,MALUT 2,4,PARTAI DEMOKRASI INDONESIA PERJUANGAN,5,8200-02-0000-0405,"DIANE SUMENDAP, ST., MT",P,,,,,,,,,KAB. HALMAHERA UTARA,,
DPRDI,2014,82,MALUKU UTARA,8200-02-0000,MALUT 2,4,PARTAI DEMOKRASI INDONESIA PERJUANGAN,6,8200-02-0000-0406,JUSTAR JONIS PASKALI,L,,,,,,,,,KAB. PULAU MOROTAI,,
DPRDI,2014,82,MALUKU UTARA,8200-02-0000,MALUT 2,4,PARTAI DEMOKRASI INDONESIA PERJUANGAN,7,8200-02-0000-0407,REINOLD HM SIMANJUNTAK,L,,,,,,,,,KAB. HALMAHERA UTARA,,
DPRDI,2014,82,MALUKU UTARA,8200-02-0000,MALUT 2,4,PARTAI DEMOKRASI INDONESIA PERJUANGAN,8,8200-02-0000-0408,NURJUNIANTI,P,,,,,,,,,KAB. HALMAHERA UTARA,,
DPRDI,2014,82,MALUKU UTARA,8200-02-0000,MALUT 2,4,PARTAI DEMOKRASI INDONESIA PERJUANGAN,9,8200-02-0000-0409,OKTOPIANUS OTNIEL HANGEWA,L,,,,,,,,,KAB. HALMAHERA UTARA,,
DPRDI,2014,82,MALUKU UTARA,8200-02-0000,MALUT 2,5,PARTAI GOLONGAN KARYA,1,8200-02-0000-0501,H. AHMAD KARIM,L,,,,,,,,,KOTA TERNATE,,
DPRDI,2014,82,MALUKU UTARA,8200-02-0000,MALUT 2,5,PARTAI GOLONGAN KARYA,2,8200-02-0000-0502,Ir. FRANS MANERY,L,,,,,,,,,KAB. HALMAHERA UTARA,,
DPRDI,2014,82,MALUKU UTARA,8200-02-0000,MALUT 2,5,PARTAI GOLONGAN KARYA,3,8200-02-0000-0503,BAHRIA FADEL,P,,,,,,,,,KAB. HALMAHERA UTARA,,
DPRDI,2014,82,MALUKU UTARA,8200-02-0000,MALUT 2,5,PARTAI GOLONGAN KARYA,4,8200-02-0000-0504,"juma luange, s.pd",L,,,,,,,,,KOTA TERNATE,,
DPRDI,2014,82,MALUKU UTARA,8200-02-0000,MALUT 2,5,PARTAI GOLONGAN KARYA,5,8200-02-0000-0505,"Pdt. reny rita belian ali, S.th",P,,,,,,,,,KAB. HALMAHERA UTARA,,
DPRDI,2014,82,MALUKU UTARA,8200-02-0000,MALUT 2,5,PARTAI GOLONGAN KARYA,6,8200-02-0000-0506,"H. ARIFIN NEKA, SH., M.Si",L,,,,,,,,,KAB. HALMAHERA UTARA,,
DPRDI,2014,82,MALUKU UTARA,8200-02-0000,MALUT 2,5,PARTAI GOLONGAN KARYA,7,8200-02-0000-0507,ARIYANTI SANGADJI,P,,,,,,,,,KAB. PULAU MOROTAI,,
DPRDI,2014,82,MALUKU UTARA,8200-02-0000,MALUT 2,5,PARTAI GOLONGAN KARYA,8,8200-02-0000-0508,Drs. HAPRI BOLANGO,L,,,,,,,,,KAB. HALMAHERA UTARA,,
DPRDI,2014,82,MALUKU UTARA,8200-02-0000,MALUT 2,5,PARTAI GOLONGAN KARYA,9,8200-02-0000-0509,"NOFINO LOBIUA, SH",L,,,,,,,,,KAB. HALMAHERA UTARA,,
DPRDI,2014,82,MALUKU UTARA,8200-02-0000,MALUT 2,6,PARTAI GERAKAN INDONESIA RAYA,1,8200-02-0000-0601,sahril thahir,L,,,,,,,,,KOTA TERNATE,,
DPRDI,2014,82,MALUKU UTARA,8200-02-0000,MALUT 2,6,PARTAI GERAKAN INDONESIA RAYA,2,8200-02-0000-0602,"Drs. DJIDON HANGEWA, MS",L,,,,,,,,,KAB. HALMAHERA UTARA,,
DPRDI,2014,82,MALUKU UTARA,8200-02-0000,MALUT 2,6,PARTAI GERAKAN INDONESIA RAYA,3,8200-02-0000-0603,IRAWATI KODA,P,,,,,,,,,KOTA TERNATE,,
DPRDI,2014,82,MALUKU UTARA,8200-02-0000,MALUT 2,6,PARTAI GERAKAN INDONESIA RAYA,4,8200-02-0000-0604,Ir. MUHAMMAD YAMIN PUTUN,L,,,,,,,,,KOTA TERNATE,,
DPRDI,2014,82,MALUKU UTARA,8200-02-0000,MALUT 2,6,PARTAI GERAKAN INDONESIA RAYA,5,8200-02-0000-0605,"djon jantjebale, s.si",L,,,,,,,,,KAB. HALMAHERA BARAT,,
DPRDI,2014,82,MALUKU UTARA,8200-02-0000,MALUT 2,6,PARTAI GERAKAN INDONESIA RAYA,6,8200-02-0000-0606,"RUTH LAYANG, S.Pak",P,,,,,,,,,KAB. HALMAHERA UTARA,,
DPRDI,2014,82,MALUKU UTARA,8200-02-0000,MALUT 2,6,PARTAI GERAKAN INDONESIA RAYA,7,8200-02-0000-0607,"TAKDIR BARAKATI, S.Ip",L,,,,,,,,,KAB. HALMAHERA UTARA,,
DPRDI,2014,82,MALUKU UTARA,8200-02-0000,MALUT 2,6,PARTAI GERAKAN INDONESIA RAYA,8,8200-02-0000-0608,NURMILA Hi. ABD RAQIB,P,,,,,,,,,KAB. PULAU MOROTAI,,
DPRDI,2014,82,MALUKU UTARA,8200-02-0000,MALUT 2,6,PARTAI GERAKAN INDONESIA RAYA,9,8200-02-0000-0609,"samsul bayan, SP",L,,,,,,,,,KOTA TERNATE,,
DPRDI,2014,82,MALUKU UTARA,8200-02-0000,MALUT 2,7,PARTAI DEMOKRAT,1,8200-02-0000-0701,"DRS. H. DJASMIN RAINU S, ME",L,,,,,,,,,KAB. HALMAHERA UTARA,,
DPRDI,2014,82,MALUKU UTARA,8200-02-0000,MALUT 2,7,PARTAI DEMOKRAT,2,8200-02-0000-0702,FADILA TURUY,P,,,,,,,,,KOTA TERNATE,,
DPRDI,2014,82,MALUKU UTARA,8200-02-0000,MALUT 2,7,PARTAI DEMOKRAT,3,8200-02-0000-0703,"DJAFAAR ALBAAR, SH",L,,,,,,,,,KOTA TERNATE,,
DPRDI,2014,82,MALUKU UTARA,8200-02-0000,MALUT 2,7,PARTAI DEMOKRAT,4,8200-02-0000-0704,HUSEN M. NUR BANGSA,L,,,,,,,,,KAB. HALAMAHERA UTARA,,
DPRDI,2014,82,MALUKU UTARA,8200-02-0000,MALUT 2,7,PARTAI DEMOKRAT,5,8200-02-0000-0705,minangsih ar. hamid,P,,,,,,,,,KOTA TERNATE,,
DPRDI,2014,82,MALUKU UTARA,8200-02-0000,MALUT 2,7,PARTAI DEMOKRAT,6,8200-02-0000-0706,LUTHFI ADAM,L,,,,,,,,,KOTA TERNATE,,
DPRDI,2014,82,MALUKU UTARA,8200-02-0000,MALUT 2,7,PARTAI DEMOKRAT,7,8200-02-0000-0707,"SRIDINA M BANGSA, S.KM",P,,,,,,,,,KOTA TERNATE,,
DPRDI,2014,82,MALUKU UTARA,8200-02-0000,MALUT 2,7,PARTAI DEMOKRAT,8,8200-02-0000-0708,"Alwan Titdoy, SE",L,,,,,,,,,KOTA TERNATE,,
DPRDI,2014,82,MALUKU UTARA,8200-02-0000,MALUT 2,8,PARTAI AMANAT NASIONAL,1,8200-02-0000-0801,"SUARDI KASMAN, S.Pd",L,,,,,,,,,KOTA TERNATE,,
DPRDI,2014,82,MALUKU UTARA,8200-02-0000,MALUT 2,8,PARTAI AMANAT NASIONAL,2,8200-02-0000-0802,SYAMSUL ARIFIN .M,L,,,,,,,,,KAB. HALMAHERA UTARA,,
DPRDI,2014,82,MALUKU UTARA,8200-02-0000,MALUT 2,8,PARTAI AMANAT NASIONAL,3,8200-02-0000-0803,SUHARNI LITIMI,P,,,,,,,,,KAB. HALMAHERA UTARA,,
DPRDI,2014,82,MALUKU UTARA,8200-02-0000,MALUT 2,8,PARTAI AMANAT NASIONAL,4,8200-02-0000-0804,GRACE NAMOTEMO,P,,,,,,,,,KAB. HALMAHERA UTARA,,
DPRDI,2014,82,MALUKU UTARA,8200-02-0000,MALUT 2,8,PARTAI AMANAT NASIONAL,5,8200-02-0000-0805,JANO CHRISWAN MAHURA,L,,,,,,,,,KAB. HALMAHERA UTARA,,
DPRDI,2014,82,MALUKU UTARA,8200-02-0000,MALUT 2,8,PARTAI AMANAT NASIONAL,6,8200-02-0000-0806,"ALEX GANNA, S.Pd",L,,,,,,,,,KAB. HALMAHERA UTARA,,
DPRDI,2014,82,MALUKU UTARA,8200-02-0000,MALUT 2,8,PARTAI AMANAT NASIONAL,7,8200-02-0000-0807,ZITNA AISA BUAYA,P,,,,,,,,,KAB. HALMAHERA UTARA,,
DPRDI,2014,82,MALUKU UTARA,8200-02-0000,MALUT 2,9,PARTAI PERSATUAN PEMBANGUNAN,1,8200-02-0000-0901,Hi. HANIS USMAN,L,,,,,,,,,KAB. PULAU MOROTAI,,
DPRDI,2014,82,MALUKU UTARA,8200-02-0000,MALUT 2,9,PARTAI PERSATUAN PEMBANGUNAN,2,8200-02-0000-0902,ABUBAKAR AMMARI,L,,,,,,,,,KOTA TERNATE,,
DPRDI,2014,82,MALUKU UTARA,8200-02-0000,MALUT 2,9,PARTAI PERSATUAN PEMBANGUNAN,3,8200-02-0000-0903,"FARIDA A HAMZAH, S.Pd",P,,,,,,,,,KOTA TERNATE,,
DPRDI,2014,82,MALUKU UTARA,8200-02-0000,MALUT 2,9,PARTAI PERSATUAN PEMBANGUNAN,4,8200-02-0000-0904,"Drs. SYAMSUL HADI, MH",L,,,,,,,,,KAB. HALMAHERA UTARA,,
DPRDI,2014,82,MALUKU UTARA,8200-02-0000,MALUT 2,9,PARTAI PERSATUAN PEMBANGUNAN,5,8200-02-0000-0905,H. BACHRUN ALBAAR,L,,,,,,,,,KAB. PULAU MOROTAI,,
DPRDI,2014,82,MALUKU UTARA,8200-02-0000,MALUT 2,9,PARTAI PERSATUAN PEMBANGUNAN,6,8200-02-0000-0906,"Hj. SIN WAHAB, BSc",P,,,,,,,,,MAKASAR,,
DPRDI,2014,82,MALUKU UTARA,8200-02-0000,MALUT 2,9,PARTAI PERSATUAN PEMBANGUNAN,7,8200-02-0000-0907,HASANUDIN SEBA,L,,,,,,,,,KAB. PULAU MOROTAI,,
DPRDI,2014,82,MALUKU UTARA,8200-02-0000,MALUT 2,9,PARTAI PERSATUAN PEMBANGUNAN,8,8200-02-0000-0908,"JUBEDA PAPAJOU, S.Sos",P,,,,,,,,,KAB. HALMAHERA UTARA,,
DPRDI,2014,82,MALUKU UTARA,8200-02-0000,MALUT 2,9,PARTAI PERSATUAN PEMBANGUNAN,9,8200-02-0000-0909,HIKRAM RAUF JABAR,L,,,,,,,,,KAB. HALMAHERA UTARA,,
DPRDI,2014,82,MALUKU UTARA,8200-02-0000,MALUT 2,10,PARTAI HATI NURANI RAKYAT,1,8200-02-0000-1001,"SELVANUS BUNGA, SH., MH",L,,,,,,,,,KAB. HALMAHERA UTARA,,
DPRDI,2014,82,MALUKU UTARA,8200-02-0000,MALUT 2,10,PARTAI HATI NURANI RAKYAT,2,8200-02-0000-1002,Drs. NASER LAMAHAMU,L,,,,,,,,,KOTA TERNATE,,
DPRDI,2014,82,MALUKU UTARA,8200-02-0000,MALUT 2,10,PARTAI HATI NURANI RAKYAT,3,8200-02-0000-1003,PRICILIA CHENEY ROROBA,P,,,,,,,,,KAB. HALMAHERA UTARA,,
DPRDI,2014,82,MALUKU UTARA,8200-02-0000,MALUT 2,10,PARTAI HATI NURANI RAKYAT,4,8200-02-0000-1004,RISDON SAPAN,L,,,,,,,,,KOTA TERNATE,,
DPRDI,2014,82,MALUKU UTARA,8200-02-0000,MALUT 2,10,PARTAI HATI NURANI RAKYAT,5,8200-02-0000-1005,"MARGARIEN THOMAS, Bsc",L,,,,,,,,,KAB. HALMAHERA UTARA,,
DPRDI,2014,82,MALUKU UTARA,8200-02-0000,MALUT 2,10,PARTAI HATI NURANI RAKYAT,6,8200-02-0000-1006,INGRY NIFITALOMBIGIA,P,,,,,,,,,KAB. HALMAHERA UTARA,,
DPRDI,2014,82,MALUKU UTARA,8200-02-0000,MALUT 2,10,PARTAI HATI NURANI RAKYAT,7,8200-02-0000-1007,"SYAMSU Hi. RAUF, SE",L,,,,,,,,,KAB. HALMAHERA UTARA,,
DPRDI,2014,82,MALUKU UTARA,8200-02-0000,MALUT 2,10,PARTAI HATI NURANI RAKYAT,8,8200-02-0000-1008,Ir. ABSALOM JOJANO,L,,,,,,,,,KAB. HALMAHERA UTARA,,
DPRDI,2014,82,MALUKU UTARA,8200-02-0000,MALUT 2,10,PARTAI HATI NURANI RAKYAT,9,8200-02-0000-1009,sri r. jatmodiharjo,P,,,,,,,,,KAB. HALMAHERA UTARA,,
DPRDI,2014,82,MALUKU UTARA,8200-02-0000,MALUT 2,14,PARTAI BULAN BINTANG,1,8200-02-0000-1401,ir. satar h samad,L,,,,,,,,,KAB. HALMAHERA UTARA,,
DPRDI,2014,82,MALUKU UTARA,8200-02-0000,MALUT 2,14,PARTAI BULAN BINTANG,2,8200-02-0000-1402,IKBAL MUMULATI,L,,,,,,,,,KAB. HALMAHERA UTARA,,
DPRDI,2014,82,MALUKU UTARA,8200-02-0000,MALUT 2,14,PARTAI BULAN BINTANG,3,8200-02-0000-1403,ETY S. HARUN,P,,,,,,,,,KAB. HALMAHERA UTARA,,
DPRDI,2014,82,MALUKU UTARA,8200-02-0000,MALUT 2,14,PARTAI BULAN BINTANG,4,8200-02-0000-1404,alwi umar alhaddad,L,,,,,,,,,KOTA TERNATE,,
DPRDI,2014,82,MALUKU UTARA,8200-02-0000,MALUT 2,14,PARTAI BULAN BINTANG,5,8200-02-0000-1405,SUKISMIATI SAMIUN,P,,,,,,,,,KAB. HALMAHERA UTARA,,
DPRDI,2014,82,MALUKU UTARA,8200-02-0000,MALUT 2,14,PARTAI BULAN BINTANG,6,8200-02-0000-1406,"ROSA A. ICHSAN, SP",P,,,,,,,,,KAB. HALMAHERA UTARA,,
DPRDI,2014,82,MALUKU UTARA,8200-02-0000,MALUT 2,14,PARTAI BULAN BINTANG,7,8200-02-0000-1407,KASMAN UMUR,L,,,,,,,,,KAB. HALMAHERA UTARA,,
DPRDI,2014,82,MALUKU UTARA,8200-02-0000,MALUT 2,14,PARTAI BULAN BINTANG,8,8200-02-0000-1408,SAMUEL METEKOHY,L,,,,,,,,,KOTA TERNATE,,
DPRDI,2014,82,MALUKU UTARA,8200-02-0000,MALUT 2,15,PARTAI KEADILAN DAN PERSATUAN INDONESIA,1,8200-02-0000-1501,"ABNER NONES, S.Pd",L,,,,,,,,,KAB. HALMAHERA UTARA,,
DPRDI,2014,82,MALUKU UTARA,8200-02-0000,MALUT 2,15,PARTAI KEADILAN DAN PERSATUAN INDONESIA,2,8200-02-0000-1502,MARTEN UIYANTO,L,,,,,,,,,KAB. HALMAHERA UTARA,,
DPRDI,2014,82,MALUKU UTARA,8200-02-0000,MALUT 2,15,PARTAI KEADILAN DAN PERSATUAN INDONESIA,3,8200-02-0000-1503,HERLINA MASURU,P,,,,,,,,,KAB. HALMAHERA UTARA,,
DPRDI,2014,82,MALUKU UTARA,8200-02-0000,MALUT 2,15,PARTAI KEADILAN DAN PERSATUAN INDONESIA,4,8200-02-0000-1504,"SUBAGIO, ST., MM",L,,,,,,,,,KOTA TERNATE,,
DPRDI,2014,82,MALUKU UTARA,8200-02-0000,MALUT 2,15,PARTAI KEADILAN DAN PERSATUAN INDONESIA,5,8200-02-0000-1505,"YORIS HIMO, S.TH",L,,,,,,,,,KAB. HALMAHERA UTARA,,
DPRDI,2014,82,MALUKU UTARA,8200-02-0000,MALUT 2,15,PARTAI KEADILAN DAN PERSATUAN INDONESIA,6,8200-02-0000-1506,INTJE UNGGUH,P,,,,,,,,,KAB. HALMAHERA UTARA,,
DPRDI,2014,82,MALUKU UTARA,8200-02-0000,MALUT 2,15,PARTAI KEADILAN DAN PERSATUAN INDONESIA,7,8200-02-0000-1507,"BANTO YUNIA TI TARINATE, SE",P,,,,,,,,,KAB. HALMAHERA UTARA,,
DPRDI,2014,82,MALUKU UTARA,8200-02-0000,MALUT 2,15,PARTAI KEADILAN DAN PERSATUAN INDONESIA,8,8200-02-0000-1508,JULIANUS BISO,L,,,,,,,,,KAB. HALMAHERA UTARA,,
DPRDI,2014,82,MALUKU UTARA,8200-02-0000,MALUT 2,15,PARTAI KEADILAN DAN PERSATUAN INDONESIA,9,8200-02-0000-1509,"FAIZAL PALLAO, S.IP",L,,,,,,,,,KOTA TERNATE,,
DPRDI,2014,82,MALUKU UTARA,8200-03-0000,MALUT 3,1,PARTAI NASDEM,1,8200-03-0000-0101,"ISHAK NASER, SE",L,,,,,,,,,KOTA TIDORE KEPULAUAN,,
DPRDI,2014,82,MALUKU UTARA,8200-03-0000,MALUT 3,1,PARTAI NASDEM,2,8200-03-0000-0102,"M. DJUFRI YAKUBA, SH",L,,,,,,,,,KAB. HALMAHERA TIMUR,,
DPRDI,2014,82,MALUKU UTARA,8200-03-0000,MALUT 3,1,PARTAI NASDEM,3,8200-03-0000-0103,SRIKANDI SOLEMAN,P,,,,,,,,,KOTA TERNATE,,
DPRDI,2014,82,MALUKU UTARA,8200-03-0000,MALUT 3,1,PARTAI NASDEM,4,8200-03-0000-0104,"MUHDAR ADAM, S.HI",L,,,,,,,,,KOTA TIDORE KEPULAUAN,,
DPRDI,2014,82,MALUKU UTARA,8200-03-0000,MALUT 3,1,PARTAI NASDEM,5,8200-03-0000-0105,"M. THAIB M ASYIK, S.IP",L,,,,,,,,,KOTA TIDORE KEPULAUAN,,
DPRDI,2014,82,MALUKU UTARA,8200-03-0000,MALUT 3,1,PARTAI NASDEM,6,8200-03-0000-0106,"MEIDY KASESIDE, S.Si",P,,,,,,,,,KAB. HALMAHERA UTARA,,
DPRDI,2014,82,MALUKU UTARA,8200-03-0000,MALUT 3,1,PARTAI NASDEM,7,8200-03-0000-0107,ZAINUDIN RONGA,L,,,,,,,,,KOTA TERNATE,,
DPRDI,2014,82,MALUKU UTARA,8200-03-0000,MALUT 3,1,PARTAI NASDEM,8,8200-03-0000-0108,FAHRIYA KIYE,P,,,,,,,,,KAB. HALMAHERA TIMUR,,
DPRDI,2014,82,MALUKU UTARA,8200-03-0000,MALUT 3,2,PARTAI KEBANGKITAN BANGSA,1,8200-03-0000-0201,FRANS TOMASOA,L,,,,,,,,,KOTA TERNATE,,
DPRDI,2014,82,MALUKU UTARA,8200-03-0000,MALUT 3,2,PARTAI KEBANGKITAN BANGSA,2,8200-03-0000-0202,"JUANDA A. ODE IBA, SH",L,,,,,,,,,KOTA TERNATE,,
DPRDI,2014,82,MALUKU UTARA,8200-03-0000,MALUT 3,2,PARTAI KEBANGKITAN BANGSA,3,8200-03-0000-0203,HAFSA FABANYO,P,,,,,,,,,KOTA TIDORE KEPULAUAN,,
DPRDI,2014,82,MALUKU UTARA,8200-03-0000,MALUT 3,3,PARTAI KEADILAN SEJAHTERA,1,8200-03-0000-0301,"RIDWAN HUSEN, S.Pd.I., M.Pdl.",L,,,,,,,,,KOTA TERNATE,,
DPRDI,2014,82,MALUKU UTARA,8200-03-0000,MALUT 3,3,PARTAI KEADILAN SEJAHTERA,2,8200-03-0000-0302,Drs. H. MAHMUD ADRIAS,L,,,,,,,,,KOTA TERNATE,,
DPRDI,2014,82,MALUKU UTARA,8200-03-0000,MALUT 3,3,PARTAI KEADILAN SEJAHTERA,3,8200-03-0000-0303,IDAWATI,P,,,,,,,,,KOTA TIDORE KEPULAUAN,,
DPRDI,2014,82,MALUKU UTARA,8200-03-0000,MALUT 3,3,PARTAI KEADILAN SEJAHTERA,4,8200-03-0000-0304,"ANSAR HAMISI, S.Pd. M.M",L,,,,,,,,,KOTA TIDORE KEPULAUAN,,
DPRDI,2014,82,MALUKU UTARA,8200-03-0000,MALUT 3,3,PARTAI KEADILAN SEJAHTERA,5,8200-03-0000-0305,"SYAFAAT AHMAD, SE",L,,,,,,,,,KOTA TIDORE KEPULAUAN,,
DPRDI,2014,82,MALUKU UTARA,8200-03-0000,MALUT 3,3,PARTAI KEADILAN SEJAHTERA,6,8200-03-0000-0306,HABIBA SOLEMAN,P,,,,,,,,,KOTA TIDORE KEPULAUAN,,
DPRDI,2014,82,MALUKU UTARA,8200-03-0000,MALUT 3,3,PARTAI KEADILAN SEJAHTERA,7,8200-03-0000-0307,A KADIR HAMISI,L,,,,,,,,,KABUPATEN BEKASI,,
DPRDI,2014,82,MALUKU UTARA,8200-03-0000,MALUT 3,3,PARTAI KEADILAN SEJAHTERA,8,8200-03-0000-0308,SITTI HASANAH,P,,,,,,,,,KOTA TIDORE KEPULAUAN,,
DPRDI,2014,82,MALUKU UTARA,8200-03-0000,MALUT 3,4,PARTAI DEMOKRASI INDONESIA PERJUANGAN,1,8200-03-0000-0401,"DJUNAIDI DJAFAAR, B.Sc",L,,,,,,,,,KOTA TERNATE,,
DPRDI,2014,82,MALUKU UTARA,8200-03-0000,MALUT 3,4,PARTAI DEMOKRASI INDONESIA PERJUANGAN,2,8200-03-0000-0402,"ASTRI TIARASARI YASIN, S.KED",P,,,,,,,,,KAB. HALMAHERA TENGAH,,
DPRDI,2014,82,MALUKU UTARA,8200-03-0000,MALUT 3,4,PARTAI DEMOKRASI INDONESIA PERJUANGAN,3,8200-03-0000-0403,"SALIM TAIB, S.Ag",L,,,,,,,,,KOTA TERNATE,,
DPRDI,2014,82,MALUKU UTARA,8200-03-0000,MALUT 3,4,PARTAI DEMOKRASI INDONESIA PERJUANGAN,4,8200-03-0000-0404,JUWITA YUNUS,P,,,,,,,,,KOTA TERNATE,,
DPRDI,2014,82,MALUKU UTARA,8200-03-0000,MALUT 3,4,PARTAI DEMOKRASI INDONESIA PERJUANGAN,5,8200-03-0000-0405,"SALAHUDIN ADRIAS, ST",L,,,,,,,,,KOTA TIDORE KEPULAUAN,,
DPRDI,2014,82,MALUKU UTARA,8200-03-0000,MALUT 3,4,PARTAI DEMOKRASI INDONESIA PERJUANGAN,6,8200-03-0000-0406,ANAS HAMSAH,L,,,,,,,,,KOTA TIDORE KEPULAUAN,,
DPRDI,2014,82,MALUKU UTARA,8200-03-0000,MALUT 3,4,PARTAI DEMOKRASI INDONESIA PERJUANGAN,7,8200-03-0000-0407,ARFAH MUHAMMAD SALEH,P,,,,,,,,,KOTA TIDORE KEPULAUAN,,
DPRDI,2014,82,MALUKU UTARA,8200-03-0000,MALUT 3,4,PARTAI DEMOKRASI INDONESIA PERJUANGAN,8,8200-03-0000-0408,"JULFAN Hi USMAN, S.Sos",L,,,,,,,,,KAB. HALMAHERA TENGAH,,
DPRDI,2014,82,MALUKU UTARA,8200-03-0000,MALUT 3,5,PARTAI GOLONGAN KARYA,1,8200-03-0000-0501,"drs. h. muhammad hasan bay, mm",L,,,,,,,,,KOTA TIDORE KEPULAUAN,,
DPRDI,2014,82,MALUKU UTARA,8200-03-0000,MALUT 3,5,PARTAI GOLONGAN KARYA,2,8200-03-0000-0502,Hj. RATNA MARSAOLY,P,,,,,,,,,KOTA TIDORE KEPULAUAN,,
DPRDI,2014,82,MALUKU UTARA,8200-03-0000,MALUT 3,5,PARTAI GOLONGAN KARYA,3,8200-03-0000-0503,"Drs. EDI LANGKARA, MH",L,,,,,,,,,KOTA TIDORE KEPULAUAN,,
DPRDI,2014,82,MALUKU UTARA,8200-03-0000,MALUT 3,5,PARTAI GOLONGAN KARYA,4,8200-03-0000-0504,"NURHAYATI RAIS, ST",P,,,,,,,,,KOTA HALMAHERA TENGAH,,
DPRDI,2014,82,MALUKU UTARA,8200-03-0000,MALUT 3,5,PARTAI GOLONGAN KARYA,5,8200-03-0000-0505,"ARIFIN ERE, ST",L,,,,,,,,,KAB. HALMAHERA TIMUR,,
DPRDI,2014,82,MALUKU UTARA,8200-03-0000,MALUT 3,5,PARTAI GOLONGAN KARYA,6,8200-03-0000-0506,SANTI ABDULLAH,P,,,,,,,,,KOTA TERNATE,,
DPRDI,2014,82,MALUKU UTARA,8200-03-0000,MALUT 3,5,PARTAI GOLONGAN KARYA,7,8200-03-0000-0507,"ANJAS TAHER, SE.M.Si",L,,,,,,,,,KAB. HALMAHERA TIMUR,,
DPRDI,2014,82,MALUKU UTARA,8200-03-0000,MALUT 3,6,PARTAI GERAKAN INDONESIA RAYA,1,8200-03-0000-0601,"ADAM DO DJAFAR, SE",L,,,,,,,,,KOTA TIDORE KEPULAUAN,,
DPRDI,2014,82,MALUKU UTARA,8200-03-0000,MALUT 3,6,PARTAI GERAKAN INDONESIA RAYA,2,8200-03-0000-0602,TRIS SUPARNO,L,,,,,,,,,KOTA TERNATE,,
DPRDI,2014,82,MALUKU UTARA,8200-03-0000,MALUT 3,6,PARTAI GERAKAN INDONESIA RAYA,3,8200-03-0000-0603,SERLI ROSITA TITAWAEL,P,,,,,,,,,KOTA TERNATE,,
DPRDI,2014,82,MALUKU UTARA,8200-03-0000,MALUT 3,6,PARTAI GERAKAN INDONESIA RAYA,4,8200-03-0000-0604,"Ir. SALIM HARIS, AR",L,,,,,,,,,KOTA TERNATE,,
DPRDI,2014,82,MALUKU UTARA,8200-03-0000,MALUT 3,6,PARTAI GERAKAN INDONESIA RAYA,5,8200-03-0000-0605,SITI AISA BUBA,P,,,,,,,,,KOTA TERNATE,,
DPRDI,2014,82,MALUKU UTARA,8200-03-0000,MALUT 3,6,PARTAI GERAKAN INDONESIA RAYA,6,8200-03-0000-0606,"Dr. Drs. MUHAMMAD BIN TAHER, SH., MH., MM",L,,,,,,,,,KOTA TIDORE KEPULAUAN,,
DPRDI,2014,82,MALUKU UTARA,8200-03-0000,MALUT 3,6,PARTAI GERAKAN INDONESIA RAYA,7,8200-03-0000-0607,MAHARANI HALIL,P,,,,,,,,,KOTA TERNATE,,
DPRDI,2014,82,MALUKU UTARA,8200-03-0000,MALUT 3,6,PARTAI GERAKAN INDONESIA RAYA,8,8200-03-0000-0608,BAHAR Hi MUHAMMAD,L,,,,,,,,,KOTA TERNATE,,
DPRDI,2014,82,MALUKU UTARA,8200-03-0000,MALUT 3,7,PARTAI DEMOKRAT,1,8200-03-0000-0701,Drs. Ruslan Hafel,L,,,,,,,,,KOTA TERNATE,,
DPRDI,2014,82,MALUKU UTARA,8200-03-0000,MALUT 3,7,PARTAI DEMOKRAT,2,8200-03-0000-0702,"RUDY M. YAMIN, S.Sos",L,,,,,,,,,KOTA TIDORE KEPULAUAN,,
DPRDI,2014,82,MALUKU UTARA,8200-03-0000,MALUT 3,7,PARTAI DEMOKRAT,3,8200-03-0000-0703,ONA DELILA ISKANDAR,P,,,,,,,,,KOTA TERNATE,,
DPRDI,2014,82,MALUKU UTARA,8200-03-0000,MALUT 3,7,PARTAI DEMOKRAT,4,8200-03-0000-0704,MUHDIR ODE ANDA,L,,,,,,,,,KOTA TERNATE,,
DPRDI,2014,82,MALUKU UTARA,8200-03-0000,MALUT 3,7,PARTAI DEMOKRAT,5,8200-03-0000-0705,HARUNA ARSAD,L,,,,,,,,,KAB. HALMAHERA TIMUR,,
DPRDI,2014,82,MALUKU UTARA,8200-03-0000,MALUT 3,7,PARTAI DEMOKRAT,6,8200-03-0000-0706,SUMANTI H RIDWAN,P,,,,,,,,,KOTA TERNATE,,
DPRDI,2014,82,MALUKU UTARA,8200-03-0000,MALUT 3,7,PARTAI DEMOKRAT,7,8200-03-0000-0707,"Hi ISHAK Hi. RAJAK, ST",L,,,,,,,,,KOTA TERNATE,,
DPRDI,2014,82,MALUKU UTARA,8200-03-0000,MALUT 3,7,PARTAI DEMOKRAT,8,8200-03-0000-0708,NORMA MILAN,P,,,,,,,,,KOTA TERNATE,,
DPRDI,2014,82,MALUKU UTARA,8200-03-0000,MALUT 3,8,PARTAI AMANAT NASIONAL,1,8200-03-0000-0801,"SALAHUDDIN LESSY, S.IP",L,,,,,,,,,KAB. HALMAHERA TIMUR,,
DPRDI,2014,82,MALUKU UTARA,8200-03-0000,MALUT 3,8,PARTAI AMANAT NASIONAL,2,8200-03-0000-0802,RUSLAN Hi. HAMID,L,,,,,,,,,KAB. HALMAHERA TIMUR,,
DPRDI,2014,82,MALUKU UTARA,8200-03-0000,MALUT 3,8,PARTAI AMANAT NASIONAL,3,8200-03-0000-0803,RIZHA M. YUSUF,P,,,,,,,,,KOTA TERNATE,,
DPRDI,2014,82,MALUKU UTARA,8200-03-0000,MALUT 3,8,PARTAI AMANAT NASIONAL,4,8200-03-0000-0804,MOHAMMAD JUFRI,L,,,,,,,,,KOTA TERNATE,,
DPRDI,2014,82,MALUKU UTARA,8200-03-0000,MALUT 3,8,PARTAI AMANAT NASIONAL,5,8200-03-0000-0805,NURFADILA NASER,P,,,,,,,,,KAB. HALMAHERA TIMUR,,
DPRDI,2014,82,MALUKU UTARA,8200-03-0000,MALUT 3,8,PARTAI AMANAT NASIONAL,6,8200-03-0000-0806,Drs. ABDUL RAZAK KAMUK,L,,,,,,,,,KOTA TIDORE KEPULAUAN,,
DPRDI,2014,82,MALUKU UTARA,8200-03-0000,MALUT 3,8,PARTAI AMANAT NASIONAL,7,8200-03-0000-0807,SHANTI YUNITA HARAS,P,,,,,,,,,KOTA TERNATE,,
DPRDI,2014,82,MALUKU UTARA,8200-03-0000,MALUT 3,8,PARTAI AMANAT NASIONAL,8,8200-03-0000-0808,Ir. ANSHAR GUNAWAN,L,,,,,,,,,KOTA TIDORE KEPULAUAN,,
DPRDI,2014,82,MALUKU UTARA,8200-03-0000,MALUT 3,9,PARTAI PERSATUAN PEMBANGUNAN,1,8200-03-0000-0901,Drs. ABD RASID MUSA,L,,,,,,,,,KAB. HALMAHERA TIMUR,,
DPRDI,2014,82,MALUKU UTARA,8200-03-0000,MALUT 3,9,PARTAI PERSATUAN PEMBANGUNAN,2,8200-03-0000-0902,ISA ANSHARY HANAFI,L,,,,,,,,,KOTA TERNATE,,
DPRDI,2014,82,MALUKU UTARA,8200-03-0000,MALUT 3,9,PARTAI PERSATUAN PEMBANGUNAN,3,8200-03-0000-0903,"NURJANI M. ABDULLAH, S.PD.I",P,,,,,,,,,KOTA TERNATE,,
DPRDI,2014,82,MALUKU UTARA,8200-03-0000,MALUT 3,9,PARTAI PERSATUAN PEMBANGUNAN,4,8200-03-0000-0904,H. DJAFAR ALKATIRI,L,,,,,,,,,KOTA TIDORE KEPULAUAN,,
DPRDI,2014,82,MALUKU UTARA,8200-03-0000,MALUT 3,9,PARTAI PERSATUAN PEMBANGUNAN,5,8200-03-0000-0905,JUANDA HUSEN,L,,,,,,,,,KAB. HALMAHERA TIMUR,,
DPRDI,2014,82,MALUKU UTARA,8200-03-0000,MALUT 3,9,PARTAI PERSATUAN PEMBANGUNAN,6,8200-03-0000-0906,IRMAWATI JAINAL,P,,,,,,,,,KOTA TIDORE KEPULAUAN,,
DPRDI,2014,82,MALUKU UTARA,8200-03-0000,MALUT 3,9,PARTAI PERSATUAN PEMBANGUNAN,7,8200-03-0000-0907,WIRYAWAN A ARIEF,L,,,,,,,,,KOTA TERNATE,,
DPRDI,2014,82,MALUKU UTARA,8200-03-0000,MALUT 3,9,PARTAI PERSATUAN PEMBANGUNAN,8,8200-03-0000-0908,ADENONA USMAN,P,,,,,,,,,KOTA TIDORE KEPULAUAN,,
DPRDI,2014,82,MALUKU UTARA,8200-03-0000,MALUT 3,10,PARTAI HATI NURANI RAKYAT,1,8200-03-0000-1001,"RUDY HARYONO, SE",L,,,,,,,,,KOTA TERNATE,,
DPRDI,2014,82,MALUKU UTARA,8200-03-0000,MALUT 3,10,PARTAI HATI NURANI RAKYAT,2,8200-03-0000-1002,DRS. UMAR ALTING,L,,,,,,,,,KOTA TERNATE,,
DPRDI,2014,82,MALUKU UTARA,8200-03-0000,MALUT 3,10,PARTAI HATI NURANI RAKYAT,3,8200-03-0000-1003,"SRI ASTUTI SELANG, Amd. Keb",P,,,,,,,,,KOTA TERNATE,,
DPRDI,2014,82,MALUKU UTARA,8200-03-0000,MALUT 3,10,PARTAI HATI NURANI RAKYAT,4,8200-03-0000-1004,"MUSTAMIR Hi. ARSAD, S.Pd",L,,,,,,,,,KAB. HALMAHERA TENGAH,,
DPRDI,2014,82,MALUKU UTARA,8200-03-0000,MALUT 3,10,PARTAI HATI NURANI RAKYAT,5,8200-03-0000-1005,Drs. MUHAMMAD A. HUSEN,L,,,,,,,,,KOTA TIDORE KEPULAUAN,,
DPRDI,2014,82,MALUKU UTARA,8200-03-0000,MALUT 3,10,PARTAI HATI NURANI RAKYAT,6,8200-03-0000-1006,MARIYAM SANGAJI,P,,,,,,,,,KOTA TIDORE KEPULAUAN,,
DPRDI,2014,82,MALUKU UTARA,8200-03-0000,MALUT 3,10,PARTAI HATI NURANI RAKYAT,7,8200-03-0000-1007,"MUHAMMAD NAOVAL ADAM, SH",L,,,,,,,,,KOTA TIDORE KEPULAUAN,,
DPRDI,2014,82,MALUKU UTARA,8200-03-0000,MALUT 3,10,PARTAI HATI NURANI RAKYAT,8,8200-03-0000-1008,"REFLIN IROT, SH",P,,,,,,,,,KOTA TERNATE,,
DPRDI,2014,82,MALUKU UTARA,8200-03-0000,MALUT 3,14,PARTAI BULAN BINTANG,1,8200-03-0000-1401,"Ir. SYACHRIL I. MARSAOLI, MM",L,,,,,,,,,KOTA TERNATE,,
DPRDI,2014,82,MALUKU UTARA,8200-03-0000,MALUT 3,14,PARTAI BULAN BINTANG,2,8200-03-0000-1402,HUSNI JUMAT,L,,,,,,,,,DEPOK,,
DPRDI,2014,82,MALUKU UTARA,8200-03-0000,MALUT 3,14,PARTAI BULAN BINTANG,3,8200-03-0000-1403,dr. NURSANI DJAMALUDDIN,P,,,,,,,,,KAB. HALMAHERA TIMUR,,
DPRDI,2014,82,MALUKU UTARA,8200-03-0000,MALUT 3,14,PARTAI BULAN BINTANG,4,8200-03-0000-1404,JAYUS SAPTAJI YUSMAN,L,,,,,,,,,KAB. HALMAHERA TIMUR,,
DPRDI,2014,82,MALUKU UTARA,8200-03-0000,MALUT 3,14,PARTAI BULAN BINTANG,5,8200-03-0000-1405,YENNY ENGKA,P,,,,,,,,,KOTA TIDORE KEPULAUAN,,
DPRDI,2014,82,MALUKU UTARA,8200-03-0000,MALUT 3,14,PARTAI BULAN BINTANG,6,8200-03-0000-1406,HERLINA Hi. SAMAD,P,,,,,,,,,KOTA TIDORE KEPULAUAN,,
DPRDI,2014,82,MALUKU UTARA,8200-03-0000,MALUT 3,14,PARTAI BULAN BINTANG,7,8200-03-0000-1407,ABUKASIM HARSANI,L,,,,,,,,,KOTA TIDORE KEPULAUAN,,
DPRDI,2014,82,MALUKU UTARA,8200-03-0000,MALUT 3,15,PARTAI KEADILAN DAN PERSATUAN INDONESIA,1,8200-03-0000-1501,Hj. RATNA Hi. MUSLIM,P,,,,,,,,,KOTA TERNATE,,
DPRDI,2014,82,MALUKU UTARA,8200-03-0000,MALUT 3,15,PARTAI KEADILAN DAN PERSATUAN INDONESIA,2,8200-03-0000-1502,"RIZAL MADJODJO, ST",L,,,,,,,,,KOTA TERNATE,,
DPRDI,2014,82,MALUKU UTARA,8200-03-0000,MALUT 3,15,PARTAI KEADILAN DAN PERSATUAN INDONESIA,3,8200-03-0000-1503,"AMIR HADI, ST., MM",L,,,,,,,,,KOTA TIDORE KEPULAUAN,,
DPRDI,2014,82,MALUKU UTARA,8200-04-0000,MALUT 4,1,PARTAI NASDEM,1,8200-04-0000-0101,HELMI UMAR MUKSIN,L,,,,,,,,,KOTA TERNATE,,
DPRDI,2014,82,MALUKU UTARA,8200-04-0000,MALUT 4,1,PARTAI NASDEM,2,8200-04-0000-0102,IMRON BARMAWI,L,,,,,,,,,KAB. HALMAHERA SELATAN,,
DPRDI,2014,82,MALUKU UTARA,8200-04-0000,MALUT 4,1,PARTAI NASDEM,3,8200-04-0000-0103,"Hj. ROSDIANA TURUY, S.Pd., M.Kes",P,,,,,,,,,KOTA TERNATE,,
DPRDI,2014,82,MALUKU UTARA,8200-04-0000,MALUT 4,1,PARTAI NASDEM,4,8200-04-0000-0104,"HELMI ABUSAMA, S.Ag",L,,,,,,,,,KAB. HALMAHERA SELATAN,,
DPRDI,2014,82,MALUKU UTARA,8200-04-0000,MALUT 4,1,PARTAI NASDEM,5,8200-04-0000-0105,RUSLAN KUBAIS,L,,,,,,,,,KOTA TERNATE,,
DPRDI,2014,82,MALUKU UTARA,8200-04-0000,MALUT 4,1,PARTAI NASDEM,6,8200-04-0000-0106,ARNEL PASALI,P,,,,,,,,,KAB HALMAHERA SELATAN,,
DPRDI,2014,82,MALUKU UTARA,8200-04-0000,MALUT 4,1,PARTAI NASDEM,7,8200-04-0000-0107,YANCE HATIBIN,L,,,,,,,,,KAB. HALMAHERA SELATAN,,
DPRDI,2014,82,MALUKU UTARA,8200-04-0000,MALUT 4,1,PARTAI NASDEM,8,8200-04-0000-0108,SERLI MANIA,P,,,,,,,,,KAB. HALMAHERA SELATAN,,
DPRDI,2014,82,MALUKU UTARA,8200-04-0000,MALUT 4,1,PARTAI NASDEM,9,8200-04-0000-0109,"HAMID LASARATU, SE",L,,,,,,,,,KOTA TERNATE,,
DPRDI,2014,82,MALUKU UTARA,8200-04-0000,MALUT 4,2,PARTAI KEBANGKITAN BANGSA,1,8200-04-0000-0201,ABDURACHMAN SAMIUN,L,,,,,,,,,KOTA TERNATE,,
DPRDI,2014,82,MALUKU UTARA,8200-04-0000,MALUT 4,2,PARTAI KEBANGKITAN BANGSA,2,8200-04-0000-0202,Drs. H. DJAFAR UMAR,L,,,,,,,,,KOTA TERNATE,,
DPRDI,2014,82,MALUKU UTARA,8200-04-0000,MALUT 4,2,PARTAI KEBANGKITAN BANGSA,3,8200-04-0000-0203,"RAHMATIAH M. TAIYEB, ST",P,,,,,,,,,KAB. HALMAHERA SELATAN,,
DPRDI,2014,82,MALUKU UTARA,8200-04-0000,MALUT 4,2,PARTAI KEBANGKITAN BANGSA,4,8200-04-0000-0204,BADHI A. KATUJU,L,,,,,,,,,KAB. HALMAHERA SELATAN,,
DPRDI,2014,82,MALUKU UTARA,8200-04-0000,MALUT 4,2,PARTAI KEBANGKITAN BANGSA,5,8200-04-0000-0205,ALIM R. ADAM,L,,,,,,,,,KAB. HALMAHERA SELATAN,,
DPRDI,2014,82,MALUKU UTARA,8200-04-0000,MALUT 4,2,PARTAI KEBANGKITAN BANGSA,6,8200-04-0000-0206,"NASIRA USMAN, SP",P,,,,,,,,,KAB. HALMAHERA SELATAN,,
DPRDI,2014,82,MALUKU UTARA,8200-04-0000,MALUT 4,2,PARTAI KEBANGKITAN BANGSA,7,8200-04-0000-0207,"FAHRIA H. AJUDIN, S.Pd",P,,,,,,,,,KAB. HALMAHERA SELATAN,,
DPRDI,2014,82,MALUKU UTARA,8200-04-0000,MALUT 4,3,PARTAI KEADILAN SEJAHTERA,1,8200-04-0000-0301,"ZULKIFLI H. UMAR, ST",L,,,,,,,,,KOTA TERNATE,,
DPRDI,2014,82,MALUKU UTARA,8200-04-0000,MALUT 4,3,PARTAI KEADILAN SEJAHTERA,2,8200-04-0000-0302,SENEN SULAIMAN,L,,,,,,,,,KOTA TIDORE KEPULAUAN,,
DPRDI,2014,82,MALUKU UTARA,8200-04-0000,MALUT 4,3,PARTAI KEADILAN SEJAHTERA,3,8200-04-0000-0303,RADEN WINARNI SAVITRI,P,,,,,,,,,KAB. HALMAHERA SELATAN,,
DPRDI,2014,82,MALUKU UTARA,8200-04-0000,MALUT 4,3,PARTAI KEADILAN SEJAHTERA,4,8200-04-0000-0304,BAHRAIN KASUBA,L,,,,,,,,,KAB. HALMAHERA SELATAN,,
DPRDI,2014,82,MALUKU UTARA,8200-04-0000,MALUT 4,3,PARTAI KEADILAN SEJAHTERA,5,8200-04-0000-0305,H. SYAIFUDDIN D. SOLEMAN,L,,,,,,,,,KAB. HALMAHERA SELATAN,,
DPRDI,2014,82,MALUKU UTARA,8200-04-0000,MALUT 4,3,PARTAI KEADILAN SEJAHTERA,6,8200-04-0000-0306,"CHADIJAH HUSNI, S.Kom",P,,,,,,,,,KAB. HALMAHERA SELATAN,,
DPRDI,2014,82,MALUKU UTARA,8200-04-0000,MALUT 4,3,PARTAI KEADILAN SEJAHTERA,7,8200-04-0000-0307,HUSEN BACHMID,L,,,,,,,,,KAB. HALMAHERA SELATAN,,
DPRDI,2014,82,MALUKU UTARA,8200-04-0000,MALUT 4,3,PARTAI KEADILAN SEJAHTERA,8,8200-04-0000-0308,MUJIBUR M. WAHAB,L,,,,,,,,,KOTA TERNATE,,
DPRDI,2014,82,MALUKU UTARA,8200-04-0000,MALUT 4,3,PARTAI KEADILAN SEJAHTERA,9,8200-04-0000-0309,"ROSIDA ADE, S.Pd",P,,,,,,,,,KOTA TERNATE,,
DPRDI,2014,82,MALUKU UTARA,8200-04-0000,MALUT 4,4,PARTAI DEMOKRASI INDONESIA PERJUANGAN,1,8200-04-0000-0401,"Ir. IKRAM HARIS, AR",L,,,,,,,,,KOTA TERNATE,,
DPRDI,2014,82,MALUKU UTARA,8200-04-0000,MALUT 4,4,PARTAI DEMOKRASI INDONESIA PERJUANGAN,2,8200-04-0000-0402,"SABARUDIN BOEROE, SH",L,,,,,,,,,KAB. HALMAHERA SELATAN,,
DPRDI,2014,82,MALUKU UTARA,8200-04-0000,MALUT 4,4,PARTAI DEMOKRASI INDONESIA PERJUANGAN,3,8200-04-0000-0403,"Endah Suwarni, A.Md",P,,,,,,,,,"ENDAH SUWARNI, A.MD3",,
DPRDI,2014,82,MALUKU UTARA,8200-04-0000,MALUT 4,4,PARTAI DEMOKRASI INDONESIA PERJUANGAN,4,8200-04-0000-0404,"KUNTU DAUD, SE",L,,,,,,,,,KOTA TERNATE,,
DPRDI,2014,82,MALUKU UTARA,8200-04-0000,MALUT 4,4,PARTAI DEMOKRASI INDONESIA PERJUANGAN,5,8200-04-0000-0405,"Pdt. JONIAS TASANE, S.Th",L,,,,,,,,,KAB. HALMAHERA UTARA,,
DPRDI,2014,82,MALUKU UTARA,8200-04-0000,MALUT 4,4,PARTAI DEMOKRASI INDONESIA PERJUANGAN,6,8200-04-0000-0406,"MARYAM WAHID, SH",P,,,,,,,,,KOTA TERNATE,,
DPRDI,2014,82,MALUKU UTARA,8200-04-0000,MALUT 4,4,PARTAI DEMOKRASI INDONESIA PERJUANGAN,7,8200-04-0000-0407,"RAZAK KARIM, ST., MT",L,,,,,,,,,KOTA TERNATE,,
DPRDI,2014,82,MALUKU UTARA,8200-04-0000,MALUT 4,4,PARTAI DEMOKRASI INDONESIA PERJUANGAN,8,8200-04-0000-0408,"HUSAEN SALAHU, ST., MT",L,,,,,,,,,KOTA TERNATE,,
DPRDI,2014,82,MALUKU UTARA,8200-04-0000,MALUT 4,4,PARTAI DEMOKRASI INDONESIA PERJUANGAN,9,8200-04-0000-0409,MARIANI HAJI,P,,,,,,,,,KOTA TERNATE,,
DPRDI,2014,82,MALUKU UTARA,8200-04-0000,MALUT 4,5,PARTAI GOLONGAN KARYA,1,8200-04-0000-0501,"KAIMUDDIN HAMZAH, SH",L,,,,,,,,,KOTA TERNATE,,
DPRDI,2014,82,MALUKU UTARA,8200-04-0000,MALUT 4,5,PARTAI GOLONGAN KARYA,2,8200-04-0000-0502,"H. YUSMAN ARIFIN, SH",L,,,,,,,,,KOTA TERNATE,,
DPRDI,2014,82,MALUKU UTARA,8200-04-0000,MALUT 4,5,PARTAI GOLONGAN KARYA,3,8200-04-0000-0503,"WA ODE BASYARIA, B.Sc., MBA",P,,,,,,,,,KOTA TERNATE,,
DPRDI,2014,82,MALUKU UTARA,8200-04-0000,MALUT 4,5,PARTAI GOLONGAN KARYA,4,8200-04-0000-0504,"Drs. ARIEF YASIN WAHID, M.Si",L,,,,,,,,,KAB. HALMAHERA SELATAN,,
DPRDI,2014,82,MALUKU UTARA,8200-04-0000,MALUT 4,5,PARTAI GOLONGAN KARYA,5,8200-04-0000-0505,SALIM Hi. HASAN,L,,,,,,,,,KAB. HALMAHERA SELATAN,,
DPRDI,2014,82,MALUKU UTARA,8200-04-0000,MALUT 4,5,PARTAI GOLONGAN KARYA,6,8200-04-0000-0506,ELSYE KLAVERT,P,,,,,,,,,KAB. HALMAHERA SELATAN,,
DPRDI,2014,82,MALUKU UTARA,8200-04-0000,MALUT 4,5,PARTAI GOLONGAN KARYA,7,8200-04-0000-0507,MUHAMMAD DAUD HASAN,L,,,,,,,,,KAB. HALMAHERA SELATAN,,
DPRDI,2014,82,MALUKU UTARA,8200-04-0000,MALUT 4,5,PARTAI GOLONGAN KARYA,8,8200-04-0000-0508,HASAN ALHADAR,L,,,,,,,,,KAB. HALMAHERA SELATAN,,
DPRDI,2014,82,MALUKU UTARA,8200-04-0000,MALUT 4,5,PARTAI GOLONGAN KARYA,9,8200-04-0000-0509,"Hj. NUR AZIZAH, S.Kp., M.Si",P,,,,,,,,,KOTA TERNATE,,
DPRDI,2014,82,MALUKU UTARA,8200-04-0000,MALUT 4,6,PARTAI GERAKAN INDONESIA RAYA,1,8200-04-0000-0601,"H. SAMPENA Y. LAGOTI, SH",L,,,,,,,,,KOTA TERNATE,,
DPRDI,2014,82,MALUKU UTARA,8200-04-0000,MALUT 4,6,PARTAI GERAKAN INDONESIA RAYA,2,8200-04-0000-0602,"SAFAR SYAM, SH",L,,,,,,,,,KOTA TERNATE,,
DPRDI,2014,82,MALUKU UTARA,8200-04-0000,MALUT 4,6,PARTAI GERAKAN INDONESIA RAYA,3,8200-04-0000-0603,RISNA DEBIYANTI,P,,,,,,,,,KOTA TERNATE,,
DPRDI,2014,82,MALUKU UTARA,8200-04-0000,MALUT 4,6,PARTAI GERAKAN INDONESIA RAYA,4,8200-04-0000-0604,"JAINAL SAMAD, ST",L,,,,,,,,,KOTA TERNATE,,
DPRDI,2014,82,MALUKU UTARA,8200-04-0000,MALUT 4,6,PARTAI GERAKAN INDONESIA RAYA,5,8200-04-0000-0605,YULIANINGSIH SYAM,P,,,,,,,,,KOTA TERNATE,,
DPRDI,2014,82,MALUKU UTARA,8200-04-0000,MALUT 4,6,PARTAI GERAKAN INDONESIA RAYA,6,8200-04-0000-0606,"HAMDI M. MADANG, S.Pi, M.Si",L,,,,,,,,,KAB. HALMAHERA SELATAN,,
DPRDI,2014,82,MALUKU UTARA,8200-04-0000,MALUT 4,6,PARTAI GERAKAN INDONESIA RAYA,7,8200-04-0000-0607,"MADIANI MUKHSIN, S.PI",L,,,,,,,,,KOTA TERNATE,,
DPRDI,2014,82,MALUKU UTARA,8200-04-0000,MALUT 4,6,PARTAI GERAKAN INDONESIA RAYA,8,8200-04-0000-0608,Nursaba Akmal,P,,,,,,,,,KOTA TERNATE,,
DPRDI,2014,82,MALUKU UTARA,8200-04-0000,MALUT 4,6,PARTAI GERAKAN INDONESIA RAYA,9,8200-04-0000-0609,"H. DJAFAR HAMDJAH, SH",L,,,,,,,,,KOTA TERNATE,,
DPRDI,2014,82,MALUKU UTARA,8200-04-0000,MALUT 4,7,PARTAI DEMOKRAT,1,8200-04-0000-0701,"M. RAHMI HUSEN, S.Sos",L,,,,,,,,,KOTA TERNATE,,
DPRDI,2014,82,MALUKU UTARA,8200-04-0000,MALUT 4,7,PARTAI DEMOKRAT,2,8200-04-0000-0702,Hj. FAHRIAL USMAN SYAH,P,,,,,,,,,KOTA TERNATE,,
DPRDI,2014,82,MALUKU UTARA,8200-04-0000,MALUT 4,7,PARTAI DEMOKRAT,3,8200-04-0000-0703,"MUHAJIR H. ALI, S.Sos",L,,,,,,,,,KOTA TERNATE,,
DPRDI,2014,82,MALUKU UTARA,8200-04-0000,MALUT 4,7,PARTAI DEMOKRAT,4,8200-04-0000-0704,"IDHAR ABBAS, SE",L,,,,,,,,,KOTA TERNATE,,
DPRDI,2014,82,MALUKU UTARA,8200-04-0000,MALUT 4,7,PARTAI DEMOKRAT,5,8200-04-0000-0705,"AKBAR BASRAH, SE",L,,,,,,,,,KOTA TERNATE,,
DPRDI,2014,82,MALUKU UTARA,8200-04-0000,MALUT 4,7,PARTAI DEMOKRAT,6,8200-04-0000-0706,"SRI RAHAYU H. EFENDI, ST",P,,,,,,,,,KOTA TERNATE,,
DPRDI,2014,82,MALUKU UTARA,8200-04-0000,MALUT 4,7,PARTAI DEMOKRAT,7,8200-04-0000-0707,"HUDI KAMARULAH, S.AP",L,,,,,,,,,KAB. HALMAHERA SELATAN,,
DPRDI,2014,82,MALUKU UTARA,8200-04-0000,MALUT 4,7,PARTAI DEMOKRAT,8,8200-04-0000-0708,EVIYANTI H. NASARUDIN,P,,,,,,,,,KAB. HALMAHERA SELATAN,,
DPRDI,2014,82,MALUKU UTARA,8200-04-0000,MALUT 4,7,PARTAI DEMOKRAT,9,8200-04-0000-0709,"SUKARDI KHI HUSEN, S.IP",L,,,,,,,,,KOTA TERNATE,,
DPRDI,2014,82,MALUKU UTARA,8200-04-0000,MALUT 4,8,PARTAI AMANAT NASIONAL,1,8200-04-0000-0801,"RUSIHAN JAFAR, S.Pd",L,,,,,,,,,KOTA HALMAHERA SELATAN,,
DPRDI,2014,82,MALUKU UTARA,8200-04-0000,MALUT 4,8,PARTAI AMANAT NASIONAL,2,8200-04-0000-0802,Hi. IBRAHIM M. SALEH,L,,,,,,,,,KAB. HALMAHERA SELATAN,,
DPRDI,2014,82,MALUKU UTARA,8200-04-0000,MALUT 4,8,PARTAI AMANAT NASIONAL,3,8200-04-0000-0803,WA ODE HASNIAH HASIMIN,P,,,,,,,,,KOTA TERNATE,,
DPRDI,2014,82,MALUKU UTARA,8200-04-0000,MALUT 4,8,PARTAI AMANAT NASIONAL,4,8200-04-0000-0804,"SAMSUL HAMJA, S.IP",L,,,,,,,,,KOTA HALMAHERA SELATAN,,
DPRDI,2014,82,MALUKU UTARA,8200-04-0000,MALUT 4,8,PARTAI AMANAT NASIONAL,5,8200-04-0000-0805,MUHLAS JAFAR,L,,,,,,,,,KAB. HALMAHERA SELATAN,,
DPRDI,2014,82,MALUKU UTARA,8200-04-0000,MALUT 4,8,PARTAI AMANAT NASIONAL,6,8200-04-0000-0806,RAHMATIA,P,,,,,,,,,KAB. HALMAHERA SELATAN,,
DPRDI,2014,82,MALUKU UTARA,8200-04-0000,MALUT 4,8,PARTAI AMANAT NASIONAL,7,8200-04-0000-0807,SUKARDI M. NUR,L,,,,,,,,,KAB. HALMAHERA SELATAN,,
DPRDI,2014,82,MALUKU UTARA,8200-04-0000,MALUT 4,8,PARTAI AMANAT NASIONAL,8,8200-04-0000-0808,wahyuni noh,P,,,,,,,,,KOTA TERNATE,,
DPRDI,2014,82,MALUKU UTARA,8200-04-0000,MALUT 4,9,PARTAI PERSATUAN PEMBANGUNAN,1,8200-04-0000-0901,Drs. H. SAFRI HASAN,L,,,,,,,,,KOTA TERNATE,,
DPRDI,2014,82,MALUKU UTARA,8200-04-0000,MALUT 4,9,PARTAI PERSATUAN PEMBANGUNAN,2,8200-04-0000-0902,MUHD JAZID YUNUS,L,,,,,,,,,KOTA TERNATE,,
DPRDI,2014,82,MALUKU UTARA,8200-04-0000,MALUT 4,9,PARTAI PERSATUAN PEMBANGUNAN,3,8200-04-0000-0903,"NIRMALA DEWI ADAM, SE",P,,,,,,,,,KAB. HALMAHERA SELATAN,,
DPRDI,2014,82,MALUKU UTARA,8200-04-0000,MALUT 4,9,PARTAI PERSATUAN PEMBANGUNAN,4,8200-04-0000-0904,"HAIRIL NOHO, SE",L,,,,,,,,,KOTA TERNATE,,
DPRDI,2014,82,MALUKU UTARA,8200-04-0000,MALUT 4,9,PARTAI PERSATUAN PEMBANGUNAN,5,8200-04-0000-0905,NURUL INAYAH HASAN,P,,,,,,,,,KAB. HALMAHERA SELATAN,,
DPRDI,2014,82,MALUKU UTARA,8200-04-0000,MALUT 4,9,PARTAI PERSATUAN PEMBANGUNAN,6,8200-04-0000-0906,SUKILA L. ALI,P,,,,,,,,,KOTA TERNATE,,
DPRDI,2014,82,MALUKU UTARA,8200-04-0000,MALUT 4,9,PARTAI PERSATUAN PEMBANGUNAN,7,8200-04-0000-0907,ADE MANAF,L,,,,,,,,,KOTA TERNATE,,
DPRDI,2014,82,MALUKU UTARA,8200-04-0000,MALUT 4,10,PARTAI HATI NURANI RAKYAT,1,8200-04-0000-1001,"GAMARIA ISKANDAR ALAM, SH",P,,,,,,,,,KOTA TERNATE,,
DPRDI,2014,82,MALUKU UTARA,8200-04-0000,MALUT 4,10,PARTAI HATI NURANI RAKYAT,2,8200-04-0000-1002,NURDEWA SAFAR S.Pd,P,,,,,,,,,KOTA TERNATE,,
DPRDI,2014,82,MALUKU UTARA,8200-04-0000,MALUT 4,10,PARTAI HATI NURANI RAKYAT,3,8200-04-0000-1003,"FAHRIZAL ABBAS, ST",L,,,,,,,,,TERNATE,,
DPRDI,2014,82,MALUKU UTARA,8200-04-0000,MALUT 4,10,PARTAI HATI NURANI RAKYAT,4,8200-04-0000-1004,Hi. MUHAMMAD SAFRI IBRAHIM,L,,,,,,,,,KOTA TERNATE,,
DPRDI,2014,82,MALUKU UTARA,8200-04-0000,MALUT 4,10,PARTAI HATI NURANI RAKYAT,5,8200-04-0000-1005,"AZUAN DRAKEL,SH",L,,,,,,,,,KAB. HALMAHERA SELATAN,,
DPRDI,2014,82,MALUKU UTARA,8200-04-0000,MALUT 4,10,PARTAI HATI NURANI RAKYAT,6,8200-04-0000-1006,"AHMAD DJAFAR, SE",L,,,,,,,,,KOTA TERNATE,,
DPRDI,2014,82,MALUKU UTARA,8200-04-0000,MALUT 4,10,PARTAI HATI NURANI RAKYAT,7,8200-04-0000-1007,FADLANIA S. IBRAHIM,P,,,,,,,,,KOTA TERNATE,,
DPRDI,2014,82,MALUKU UTARA,8200-04-0000,MALUT 4,10,PARTAI HATI NURANI RAKYAT,8,8200-04-0000-1008,"YENMERUS VIXTOR POPANA, S.Pd",L,,,,,,,,,MANADO,,
DPRDI,2014,82,MALUKU UTARA,8200-04-0000,MALUT 4,14,PARTAI BULAN BINTANG,1,8200-04-0000-1401,"ACHMAD DJABID, SH",L,,,,,,,,,KOTA TERNATE,,
DPRDI,2014,82,MALUKU UTARA,8200-04-0000,MALUT 4,14,PARTAI BULAN BINTANG,2,8200-04-0000-1402,"MOCHDAR SALIM ARIF, SH., M.Si",L,,,,,,,,,KAB. PULAU MOROTAI,,
DPRDI,2014,82,MALUKU UTARA,8200-04-0000,MALUT 4,14,PARTAI BULAN BINTANG,3,8200-04-0000-1403,SAMINA HASIM,P,,,,,,,,,KOTA TERNATE,,
DPRDI,2014,82,MALUKU UTARA,8200-04-0000,MALUT 4,14,PARTAI BULAN BINTANG,4,8200-04-0000-1404,H. ABD. RAIS MESIR,L,,,,,,,,,KOTA TERNATE,,
DPRDI,2014,82,MALUKU UTARA,8200-04-0000,MALUT 4,14,PARTAI BULAN BINTANG,5,8200-04-0000-1405,"MAHDI HAYA, SH",L,,,,,,,,,KAB. HALMAHERA SELATAN,,
DPRDI,2014,82,MALUKU UTARA,8200-04-0000,MALUT 4,14,PARTAI BULAN BINTANG,6,8200-04-0000-1406,RAHMA M. SAMAN,P,,,,,,,,,KOTA TERNATE,,
DPRDI,2014,82,MALUKU UTARA,8200-04-0000,MALUT 4,14,PARTAI BULAN BINTANG,7,8200-04-0000-1407,slamet yusup,L,,,,,,,,,KAB. HALMAHERA SELATAN,,
DPRDI,2014,82,MALUKU UTARA,8200-04-0000,MALUT 4,14,PARTAI BULAN BINTANG,8,8200-04-0000-1408,SATRIYANA ABDULLAH,P,,,,,,,,,KOTA TERNATE,,
DPRDI,2014,82,MALUKU UTARA,8200-04-0000,MALUT 4,14,PARTAI BULAN BINTANG,9,8200-04-0000-1409,FITRIA LIDIA SIRVAN,P,,,,,,,,,KOTA TERNATE,,
DPRDI,2014,82,MALUKU UTARA,8200-04-0000,MALUT 4,15,PARTAI KEADILAN DAN PERSATUAN INDONESIA,1,8200-04-0000-1501,AFERO ADAM,L,,,,,,,,,KAB. HALMAHERA SELATAN,,
DPRDI,2014,82,MALUKU UTARA,8200-04-0000,MALUT 4,15,PARTAI KEADILAN DAN PERSATUAN INDONESIA,2,8200-04-0000-1502,HASAN ABD. RAHMAN,L,,,,,,,,,KOTA TERNATE,,
DPRDI,2014,82,MALUKU UTARA,8200-04-0000,MALUT 4,15,PARTAI KEADILAN DAN PERSATUAN INDONESIA,3,8200-04-0000-1503,"HJ. DJINIYAH HI. ACHMAD, SIP",P,,,,,,,,,"KALUMATA, TERNATE SELATAN, TERNATE",,
DPRDI,2014,82,MALUKU UTARA,8200-04-0000,MALUT 4,15,PARTAI KEADILAN DAN PERSATUAN INDONESIA,4,8200-04-0000-1504,Drs. H. DAUD ODE,L,,,,,,,,,KOTA TERNATE,,
DPRDI,2014,82,MALUKU UTARA,8200-04-0000,MALUT 4,15,PARTAI KEADILAN DAN PERSATUAN INDONESIA,5,8200-04-0000-1505,NUR RABIYA SAID,P,,,,,,,,,"BACAN, HALMAHERA SELATAN",,
DPRDI,2014,82,MALUKU UTARA,8200-04-0000,MALUT 4,15,PARTAI KEADILAN DAN PERSATUAN INDONESIA,6,8200-04-0000-1506,"IRDAM NAIBU, S.IP",L,,,,,,,,,KAB. HALMAHERA SELATAN,,
DPRDI,2014,82,MALUKU UTARA,8200-04-0000,MALUT 4,15,PARTAI KEADILAN DAN PERSATUAN INDONESIA,7,8200-04-0000-1507,SETIANA ISNEN,P,,,,,,,,,KOTA TERNATE,,
DPRDI,2014,82,MALUKU UTARA,8200-04-0000,MALUT 4,15,PARTAI KEADILAN DAN PERSATUAN INDONESIA,8,8200-04-0000-1508,KARIM MUHAMMAD,L,,,,,,,,,KOTA TERNATE,,
DPRDI,2014,82,MALUKU UTARA,8200-05-0000,MALUT 5,1,PARTAI NASDEM,1,8200-05-0000-0101,Ir. RUSMIN LATARA,L,,,,,,,,,KOTA TERNATE,,
DPRDI,2014,82,MALUKU UTARA,8200-05-0000,MALUT 5,1,PARTAI NASDEM,2,8200-05-0000-0102,"irfan umasugi, se",L,,,,,,,,,KOTA TERNATE,,
DPRDI,2014,82,MALUKU UTARA,8200-05-0000,MALUT 5,1,PARTAI NASDEM,3,8200-05-0000-0103,FATMAWATI SYAHLAN,P,,,,,,,,,KOTA TERNATE,,
DPRDI,2014,82,MALUKU UTARA,8200-05-0000,MALUT 5,1,PARTAI NASDEM,4,8200-05-0000-0104,"DAMRIN PANIGFAT, S.Pt",L,,,,,,,,,KAB. KEPULAUAN SULA,,
DPRDI,2014,82,MALUKU UTARA,8200-05-0000,MALUT 5,1,PARTAI NASDEM,5,8200-05-0000-0105,"SAMSU NUR, ST",L,,,,,,,,,KAB. KEPULAUAN SULA,,
DPRDI,2014,82,MALUKU UTARA,8200-05-0000,MALUT 5,1,PARTAI NASDEM,6,8200-05-0000-0106,"ASTRIA ASRI TICUALU, A.Md",P,,,,,,,,,KOTA TERNATE,,
DPRDI,2014,82,MALUKU UTARA,8200-05-0000,MALUT 5,1,PARTAI NASDEM,7,8200-05-0000-0107,SAHRIA A. SERANG,P,,,,,,,,,KOTA TERNATE,,
DPRDI,2014,82,MALUKU UTARA,8200-05-0000,MALUT 5,2,PARTAI KEBANGKITAN BANGSA,1,8200-05-0000-0201,"RADJAK DUWILA, S.Ag",L,,,,,,,,,KAB. KEPULAUAN SULA,,
DPRDI,2014,82,MALUKU UTARA,8200-05-0000,MALUT 5,2,PARTAI KEBANGKITAN BANGSA,2,8200-05-0000-0202,"HAMKA ABDUL KADIR, SH",L,,,,,,,,,KOTA TERNATE,,
DPRDI,2014,82,MALUKU UTARA,8200-05-0000,MALUT 5,2,PARTAI KEBANGKITAN BANGSA,3,8200-05-0000-0203,FITRIA ODE USMAN,P,,,,,,,,,KAB. KEPULAUAN SULA,,
DPRDI,2014,82,MALUKU UTARA,8200-05-0000,MALUT 5,2,PARTAI KEBANGKITAN BANGSA,4,8200-05-0000-0204,"MOBIR FATARUBA , S.Pd.I",L,,,,,,,,,KAB. KEPULAUAN SULA,,
DPRDI,2014,82,MALUKU UTARA,8200-05-0000,MALUT 5,2,PARTAI KEBANGKITAN BANGSA,5,8200-05-0000-0205,SINEN NAIPON,L,,,,,,,,,KAB. KEPULAUAN SULA,,
DPRDI,2014,82,MALUKU UTARA,8200-05-0000,MALUT 5,2,PARTAI KEBANGKITAN BANGSA,6,8200-05-0000-0206,DARMAYANTI J. KOPONG,P,,,,,,,,,KOTA TERNATE,,
DPRDI,2014,82,MALUKU UTARA,8200-05-0000,MALUT 5,2,PARTAI KEBANGKITAN BANGSA,7,8200-05-0000-0207,SITNAWATI DUWILA,P,,,,,,,,,KOTA TERNATE,,
DPRDI,2014,82,MALUKU UTARA,8200-05-0000,MALUT 5,3,PARTAI KEADILAN SEJAHTERA,1,8200-05-0000-0301,"ZULFAHRI ABDULLAH, S.IK",L,,,,,,,,,KOTA TERNATE,,
DPRDI,2014,82,MALUKU UTARA,8200-05-0000,MALUT 5,3,PARTAI KEADILAN SEJAHTERA,2,8200-05-0000-0302,IQBAL MARASABESSY,L,,,,,,,,,KAB. KEPULAUAN SULA,,
DPRDI,2014,82,MALUKU UTARA,8200-05-0000,MALUT 5,3,PARTAI KEADILAN SEJAHTERA,3,8200-05-0000-0303,"JULAIHA BUAMONA, S.Pd.I",P,,,,,,,,,KAB. KEPULAUAN SULA,,
DPRDI,2014,82,MALUKU UTARA,8200-05-0000,MALUT 5,3,PARTAI KEADILAN SEJAHTERA,4,8200-05-0000-0304,MASUD UPARA,L,,,,,,,,,KOTA TERNATE,,
DPRDI,2014,82,MALUKU UTARA,8200-05-0000,MALUT 5,3,PARTAI KEADILAN SEJAHTERA,5,8200-05-0000-0305,IDRIS ALDI UMAMIT,L,,,,,,,,,KAB. HALMAHERA SELATAN,,
DPRDI,2014,82,MALUKU UTARA,8200-05-0000,MALUT 5,3,PARTAI KEADILAN SEJAHTERA,6,8200-05-0000-0306,SUNARTI DAUD,P,,,,,,,,,KAB. KEPULAUAN SULA,,
DPRDI,2014,82,MALUKU UTARA,8200-05-0000,MALUT 5,3,PARTAI KEADILAN SEJAHTERA,7,8200-05-0000-0307,RAFIATUN A. DRAKEL,P,,,,,,,,,KAB. HALMAHERA SELATAN,,
DPRDI,2014,82,MALUKU UTARA,8200-05-0000,MALUT 5,4,PARTAI DEMOKRASI INDONESIA PERJUANGAN,1,8200-05-0000-0401,"Dr. AMIN DRAKEL, Sp. OG",L,,,,,,,,,TERNATE,,
DPRDI,2014,82,MALUKU UTARA,8200-05-0000,MALUT 5,4,PARTAI DEMOKRASI INDONESIA PERJUANGAN,2,8200-05-0000-0402,Drs. H. RAMLY SANGADJI,L,,,,,,,,,KOTA TERNATE,,
DPRDI,2014,82,MALUKU UTARA,8200-05-0000,MALUT 5,4,PARTAI DEMOKRASI INDONESIA PERJUANGAN,3,8200-05-0000-0403,RUKIAN LEK,P,,,,,,,,,KAB. KEPULAUAN SULA,,
DPRDI,2014,82,MALUKU UTARA,8200-05-0000,MALUT 5,4,PARTAI DEMOKRASI INDONESIA PERJUANGAN,4,8200-05-0000-0404,"MESAKH RETTIE, SH",L,,,,,,,,,KAB. KEPULAUAN SULA,,
DPRDI,2014,82,MALUKU UTARA,8200-05-0000,MALUT 5,4,PARTAI DEMOKRASI INDONESIA PERJUANGAN,5,8200-05-0000-0405,MARIAMHASIM,P,,,,,,,,,KAB. KEPULAUAN SULA,,
DPRDI,2014,82,MALUKU UTARA,8200-05-0000,MALUT 5,4,PARTAI DEMOKRASI INDONESIA PERJUANGAN,6,8200-05-0000-0406,"JULFIANI IBRAHIM, S.Th",P,,,,,,,,,KAB. KEPULAUAN SULA,,
DPRDI,2014,82,MALUKU UTARA,8200-05-0000,MALUT 5,4,PARTAI DEMOKRASI INDONESIA PERJUANGAN,7,8200-05-0000-0407,ZULKARNAIN LA YO BOENE,L,,,,,,,,,KAB. KEPULAUAN SULA,,
DPRDI,2014,82,MALUKU UTARA,8200-05-0000,MALUT 5,5,PARTAI GOLONGAN KARYA,1,8200-05-0000-0501,DRS. BADARUDDIN GAILEA,L,,,,,,,,,KOTA TERNATE,,
DPRDI,2014,82,MALUKU UTARA,8200-05-0000,MALUT 5,5,PARTAI GOLONGAN KARYA,2,8200-05-0000-0502,Ir. H.HARTOYO KALIMAN,L,,,,,,,,,KOTA TERNATE,,
DPRDI,2014,82,MALUKU UTARA,8200-05-0000,MALUT 5,5,PARTAI GOLONGAN KARYA,3,8200-05-0000-0503,ALIEN MUS,P,,,,,,,,,JAKARTA PUSAT,,
DPRDI,2014,82,MALUKU UTARA,8200-05-0000,MALUT 5,5,PARTAI GOLONGAN KARYA,4,8200-05-0000-0504,"H. RIDWAN SYAHLAN, SH",L,,,,,,,,,KAB. KEPULAUAN SULA,,
DPRDI,2014,82,MALUKU UTARA,8200-05-0000,MALUT 5,5,PARTAI GOLONGAN KARYA,5,8200-05-0000-0505,ABDUL GANI SANGADJI,L,,,,,,,,,KOTA TERNATE,,
DPRDI,2014,82,MALUKU UTARA,8200-05-0000,MALUT 5,5,PARTAI GOLONGAN KARYA,6,8200-05-0000-0506,"NURHASANAH UMASANGADJI, SE",P,,,,,,,,,KAB. KEPULAUAN SULA,,
DPRDI,2014,82,MALUKU UTARA,8200-05-0000,MALUT 5,5,PARTAI GOLONGAN KARYA,7,8200-05-0000-0507,MARLINA RASYID,P,,,,,,,,,KAB. KEPULAUAN SULA,,
DPRDI,2014,82,MALUKU UTARA,8200-05-0000,MALUT 5,6,PARTAI GERAKAN INDONESIA RAYA,1,8200-05-0000-0601,"MANSUR SANGAJI, SH",L,,,,,,,,,KOTA TERNATE,,
DPRDI,2014,82,MALUKU UTARA,8200-05-0000,MALUT 5,6,PARTAI GERAKAN INDONESIA RAYA,2,8200-05-0000-0602,"MUTI UMANAHU, S.Pd., M.Pd",L,,,,,,,,,KOTA TERNATE,,
DPRDI,2014,82,MALUKU UTARA,8200-05-0000,MALUT 5,6,PARTAI GERAKAN INDONESIA RAYA,3,8200-05-0000-0603,YUSNIA UMAFAGUR,P,,,,,,,,,KAB. KEPULAUAN SULA,,
DPRDI,2014,82,MALUKU UTARA,8200-05-0000,MALUT 5,6,PARTAI GERAKAN INDONESIA RAYA,4,8200-05-0000-0604,DRS. H. ARSYAD SANAKY,L,,,,,,,,,KOTA TERNATE,,
DPRDI,2014,82,MALUKU UTARA,8200-05-0000,MALUT 5,6,PARTAI GERAKAN INDONESIA RAYA,5,8200-05-0000-0605,HUDYAWATI Hi. IBRAHIM,P,,,,,,,,,KOTA TERNATE,,
DPRDI,2014,82,MALUKU UTARA,8200-05-0000,MALUT 5,6,PARTAI GERAKAN INDONESIA RAYA,6,8200-05-0000-0606,"MUHAIMIN SYARIF, SE",L,,,,,,,,,KAB. KEPULAUAN SULA,,
DPRDI,2014,82,MALUKU UTARA,8200-05-0000,MALUT 5,6,PARTAI GERAKAN INDONESIA RAYA,7,8200-05-0000-0607,BETY SINTAWATI,P,,,,,,,,,KOTA TERNATE,,
DPRDI,2014,82,MALUKU UTARA,8200-05-0000,MALUT 5,7,PARTAI DEMOKRAT,1,8200-05-0000-0701,Drs. H.M. YAMIN WAISALE,L,,,,,,,,,KOTA TERNATE,,
DPRDI,2014,82,MALUKU UTARA,8200-05-0000,MALUT 5,7,PARTAI DEMOKRAT,2,8200-05-0000-0702,"MARLINA BUAMONA, SH",P,,,,,,,,,KAB. KEPULAUAN SULA,,
DPRDI,2014,82,MALUKU UTARA,8200-05-0000,MALUT 5,7,PARTAI DEMOKRAT,3,8200-05-0000-0703,"BUDIMAN SYAMSUDIN, SE",L,,,,,,,,,KOTA TERNATE,,
DPRDI,2014,82,MALUKU UTARA,8200-05-0000,MALUT 5,7,PARTAI DEMOKRAT,4,8200-05-0000-0704,"BASIR MAKIAN, SH",L,,,,,,,,,KAB. KEPULAUAN SULA,,
DPRDI,2014,82,MALUKU UTARA,8200-05-0000,MALUT 5,7,PARTAI DEMOKRAT,5,8200-05-0000-0705,BEATRIKS OLLGA PATRAS,P,,,,,,,,,KOTA TERNATE,,
DPRDI,2014,82,MALUKU UTARA,8200-05-0000,MALUT 5,7,PARTAI DEMOKRAT,6,8200-05-0000-0706,sumarni rasid,P,,,,,,,,,KAB. KEPULAUAN SULA,,
DPRDI,2014,82,MALUKU UTARA,8200-05-0000,MALUT 5,7,PARTAI DEMOKRAT,7,8200-05-0000-0707,"ABD. HARIS DRAKEL, SE",L,,,,,,,,,KOTA TERNATE,,
DPRDI,2014,82,MALUKU UTARA,8200-05-0000,MALUT 5,8,PARTAI AMANAT NASIONAL,1,8200-05-0000-0801,djufri s. safar,L,,,,,,,,,KOTA TERNATE,,
DPRDI,2014,82,MALUKU UTARA,8200-05-0000,MALUT 5,8,PARTAI AMANAT NASIONAL,2,8200-05-0000-0802,HUSEIN IPA,L,,,,,,,,,KAB. KEPULAUAN SULA,,
DPRDI,2014,82,MALUKU UTARA,8200-05-0000,MALUT 5,8,PARTAI AMANAT NASIONAL,3,8200-05-0000-0803,KIKI ROSMITA RUSLAN,P,,,,,,,,,KOTA TERNATE,,
DPRDI,2014,82,MALUKU UTARA,8200-05-0000,MALUT 5,8,PARTAI AMANAT NASIONAL,4,8200-05-0000-0804,NOURUL PENDJAS UMATJINA,L,,,,,,,,,KOTA TERNATE,,
DPRDI,2014,82,MALUKU UTARA,8200-05-0000,MALUT 5,8,PARTAI AMANAT NASIONAL,5,8200-05-0000-0805,"JUL BAKRI, SH",L,,,,,,,,,KAB. KEPULAUAN SULA,,
DPRDI,2014,82,MALUKU UTARA,8200-05-0000,MALUT 5,8,PARTAI AMANAT NASIONAL,6,8200-05-0000-0806,ASNIA HATMA,P,,,,,,,,,KOTA TERNATE,,
DPRDI,2014,82,MALUKU UTARA,8200-05-0000,MALUT 5,8,PARTAI AMANAT NASIONAL,7,8200-05-0000-0807,"INDAWATI TERLESA, S.KM",P,,,,,,,,,KOTA TERNATE,,
DPRDI,2014,82,MALUKU UTARA,8200-05-0000,MALUT 5,9,PARTAI PERSATUAN PEMBANGUNAN,1,8200-05-0000-0901,MUH HUSNI SAPSUHA,L,,,,,,,,,KAB. KEPULAUAN SULA,,
DPRDI,2014,82,MALUKU UTARA,8200-05-0000,MALUT 5,9,PARTAI PERSATUAN PEMBANGUNAN,2,8200-05-0000-0902,"fitria soamole, s.s",P,,,,,,,,,KAB. KEPULAUAN SULA,,
DPRDI,2014,82,MALUKU UTARA,8200-05-0000,MALUT 5,9,PARTAI PERSATUAN PEMBANGUNAN,3,8200-05-0000-0903,BACHRUDDIN GAILEA,L,,,,,,,,,KAB. KEPULAUAN SULA,,
DPRDI,2014,82,MALUKU UTARA,8200-05-0000,MALUT 5,9,PARTAI PERSATUAN PEMBANGUNAN,4,8200-05-0000-0904,"tidore syamsudin, sh, mh",L,,,,,,,,,KOTA TERNATE,,
DPRDI,2014,82,MALUKU UTARA,8200-05-0000,MALUT 5,9,PARTAI PERSATUAN PEMBANGUNAN,5,8200-05-0000-0905,FATMAWATI GALELA,P,,,,,,,,,KAB. KEPULAUAN SULA,,
DPRDI,2014,82,MALUKU UTARA,8200-05-0000,MALUT 5,9,PARTAI PERSATUAN PEMBANGUNAN,6,8200-05-0000-0906,"SAHBUDIN FATARUBA, S.Pd",L,,,,,,,,,KOTA TERNATE,,
DPRDI,2014,82,MALUKU UTARA,8200-05-0000,MALUT 5,9,PARTAI PERSATUAN PEMBANGUNAN,7,8200-05-0000-0907,"ATINI UPARA, S.Ag",P,,,,,,,,,KAB. KEPULAUAN SULA,,
DPRDI,2014,82,MALUKU UTARA,8200-05-0000,MALUT 5,10,PARTAI HATI NURANI RAKYAT,1,8200-05-0000-1001,M. IRWAN PAUWAH,L,,,,,,,,,KAB. KEPULAUAN SULA,,
DPRDI,2014,82,MALUKU UTARA,8200-05-0000,MALUT 5,10,PARTAI HATI NURANI RAKYAT,2,8200-05-0000-1002,MUSFIADIN,L,,,,,,,,,KOTA TERNATE,,
DPRDI,2014,82,MALUKU UTARA,8200-05-0000,MALUT 5,10,PARTAI HATI NURANI RAKYAT,3,8200-05-0000-1003,NAIMA SOAMOLE,P,,,,,,,,,KOTA TERNATE,,
DPRDI,2014,82,MALUKU UTARA,8200-05-0000,MALUT 5,10,PARTAI HATI NURANI RAKYAT,4,8200-05-0000-1004,GIVLY UMA WAITINA,L,,,,,,,,,KAB. KEPULAUAN SULA,,
DPRDI,2014,82,MALUKU UTARA,8200-05-0000,MALUT 5,10,PARTAI HATI NURANI RAKYAT,5,8200-05-0000-1005,makmurdin mus,L,,,,,,,,,KAB. KEPULAUAN SULA,,
DPRDI,2014,82,MALUKU UTARA,8200-05-0000,MALUT 5,10,PARTAI HATI NURANI RAKYAT,6,8200-05-0000-1006,JULEHA HALIK,P,,,,,,,,,KOTA TERNATE,,
DPRDI,2014,82,MALUKU UTARA,8200-05-0000,MALUT 5,10,PARTAI HATI NURANI RAKYAT,7,8200-05-0000-1007,"SRIMARINI UMASANGAJI, S.Pd",P,,,,,,,,,KOTA TERNATE,,
DPRDI,2014,82,MALUKU UTARA,8200-05-0000,MALUT 5,14,PARTAI BULAN BINTANG,1,8200-05-0000-1401,"MUNIR BANAPON, SE",L,,,,,,,,,KAB. KEPULAUAN SULA,,
DPRDI,2014,82,MALUKU UTARA,8200-05-0000,MALUT 5,14,PARTAI BULAN BINTANG,2,8200-05-0000-1402,BAKIR BUAMONA,L,,,,,,,,,JAKARTA TIMUR,,
DPRDI,2014,82,MALUKU UTARA,8200-05-0000,MALUT 5,14,PARTAI BULAN BINTANG,3,8200-05-0000-1403,HISNAWATI UMAMIT,P,,,,,,,,,DUSUN 1 BENTENG,,
DPRDI,2014,82,MALUKU UTARA,8200-05-0000,MALUT 5,14,PARTAI BULAN BINTANG,4,8200-05-0000-1404,RUSLI M PAGI SUPRAPTO,L,,,,,,,,,KAB. KEPULAUAN SULA,,
DPRDI,2014,82,MALUKU UTARA,8200-05-0000,MALUT 5,14,PARTAI BULAN BINTANG,5,8200-05-0000-1405,"NURANI SOAMOLE, S.Pd.I",P,,,,,,,,,KAB. KEPULAUAN SULA,,
DPRDI,2014,82,MALUKU UTARA,8200-05-0000,MALUT 5,14,PARTAI BULAN BINTANG,6,8200-05-0000-1406,maryani fokatea,P,,,,,,,,,KOTA TERNATE,,
DPRDI,2014,82,MALUKU UTARA,8200-05-0000,MALUT 5,14,PARTAI BULAN BINTANG,7,8200-05-0000-1407,ABD. RAHMAN YOISANGADJI,L,,,,,,,,,KAB. KEPULAUAN SULA,,
DPRDI,2014,82,MALUKU UTARA,8200-05-0000,MALUT 5,15,PARTAI KEADILAN DAN PERSATUAN INDONESIA,1,8200-05-0000-1501,MARJUK FITRI DAENG HANAFI,L,,,,,,,,,KAB. KEPULAUAN SULA,,
DPRDI,2014,82,MALUKU UTARA,8200-05-0000,MALUT 5,15,PARTAI KEADILAN DAN PERSATUAN INDONESIA,2,8200-05-0000-1502,Drs. YAHYA SOAMOLE,L,,,,,,,,,KOTA TERNATE,,
DPRDI,2014,82,MALUKU UTARA,8200-05-0000,MALUT 5,15,PARTAI KEADILAN DAN PERSATUAN INDONESIA,3,8200-05-0000-1503,"EMY DUMILA, SE",P,,,,,,,,,KOTA TERNATE,,
DPRDI,2014,82,MALUKU UTARA,8200-05-0000,MALUT 5,15,PARTAI KEADILAN DAN PERSATUAN INDONESIA,4,8200-05-0000-1504,ANDHIKA,L,,,,,,,,,KAB. KEPULAUAN SULA,,
DPRDI,2014,82,MALUKU UTARA,8200-05-0000,MALUT 5,15,PARTAI KEADILAN DAN PERSATUAN INDONESIA,5,8200-05-0000-1505,EMI AMLIATI,P,,,,,,,,,KOTA TERNATE,,
DPRDI,2014,82,MALUKU UTARA,8200-05-0000,MALUT 5,15,PARTAI KEADILAN DAN PERSATUAN INDONESIA,6,8200-05-0000-1506,SUSAN,P,,,,,,,,,KOTA TERNATE,,
DPRDI,2014,82,MALUKU UTARA,8200-05-0000,MALUT 5,15,PARTAI KEADILAN DAN PERSATUAN INDONESIA,7,8200-05-0000-1507,ALIAS LA ODE KOMBE,L,,,,,,,,,KOTA TERNATE,,
