id,candidate_id,region,resource_id,date,link,description
1,624,BENGKULU,1,24 Agt 2015,https://www.youtube.com/channel/UCk2gviJMOsJfKccCzrXATYw,PASANGAN SULTAN B. NAJAMUDIN DAN MUJIONO MENGGELAR DEKLARASI BENGKULU BERSATU MINGGU 23 AGUSTUS 2015.
2,246,BENGKULU,1,16 Des 2012,https://www.youtube.com/watch?v=vOeMGBFxyMk,Profil Ridwan Mukti
3,246,BENGKULU,1,12-Jun-15,https://www.youtube.com/watch?v=8SS-86qE37w,RIDWAN MUKTI UNTUK BENGKULU SATU 
4,494,JAMBI,1,28-Jul-15,https://www.youtube.com/watch?v=onHUEk5JNzw,Dua Bakal Calon Gubernur Provinsi Jambi Lakukan Cek Kesehatan 
5,494,JAMBI,1,27 Agt 2015,https://www.youtube.com/watch?v=7oVtB4RaedY,Kampanye Damai Pasangan Cagub dan Cawagub Jambi
6,441,JAMBI,1,28-Jul-15,https://www.youtube.com/watch?v=onHUEk5JNzw,Dua Bakal Calon Gubernur Provinsi Jambi Lakukan Cek Kesehatan 
7,441,JAMBI,1,27 Agt 2015,https://www.youtube.com/watch?v=7oVtB4RaedY,Kampanye Damai Pasangan Cagub dan Cawagub Jambi
8,509,KAB. PELALAWAN,1,,Tidak ada,
9,511,KAB. PELALAWAN,1,24-Jul-15,https://www.youtube.com/watch?v=obVGRKtFEnw,Pelalawan : 5 Partai Koalisi Dukung Pasangan Hm Harris Zardewan
10,537,KAB. ROKAN HILIR,1,10-Jul-15,https://www.youtube.com/watch?v=7sUNgDIIDfY,Rokan Hilir Bupati Minta Tiap Kecamatan Dirikan Kelompok Lansia 
11,749,KAB. ROKAN HILIR,1,26 Agt 2015,https://www.youtube.com/watch?v=XApM0qTEXfI,ROHIL PENENTUAN NOMOR URUT PASANGAN CALON BUPATI DAN WAKIL BUPATI 
12,758,KAB. ROKAN HILIR,1,26 Agt 2015,https://www.youtube.com/watch?v=XApM0qTEXfI,ROHIL PENENTUAN NOMOR URUT PASANGAN CALON BUPATI DAN WAKIL BUPATI 
13,775,KAB. ROKAN HILIR,1,26 Agt 2015,https://www.youtube.com/watch?v=XApM0qTEXfI,ROHIL PENENTUAN NOMOR URUT PASANGAN CALON BUPATI DAN WAKIL BUPATI 
14,1206,KAB. ASAHAN,1,,Tidak ada,
15,729,KAB. ASAHAN,1,26 Mei 2013,https://www.youtube.com/watch?v=sFo42C0b3VY,JANJI POLITIK DRS TAUFAN GAMA SIMATUPANG MAP MENEGERIKAN UNA
16,546,KAB. ASMAT,1,,Tidak ada,
17,947,KAB. ASMAT,1,,Tidak ada,
18,547,KAB. ASMAT,1,,Tidak ada,
19,944,KAB. ASMAT,1,,Tidak ada,
20,642,KAB. BADUNG,1,29-Sep-15,https://www.youtube.com/watch?v=Np9gbY4fpQQ,GIRIASA BERTEKAD JADIKAN BADUNG KABUPATEN KOPERASI 
21,646,KAB. BADUNG,1,21-Jun-15,https://www.youtube.com/watch?v=MARW1LNzOVw,calon bupati kabupaten Badung Provinsi Bali I MADE SUDIANA
22,662,KAB. BALANGAN,1,,Tidak ada,
23,461,KAB. BALANGAN,1,,Tidak ada,
24,22,KAB. BALANGAN,1,,Tidak ada,
25,24,KAB. BALANGAN,1,,Tidak ada,
26,349,KAB. BANDUNG,1,29 Agt 2015,https://www.youtube.com/watch?v=jFpo3e3Px1s,KH. Sofyan Yahya - Drs H.Agus Yasmin for Bupati Bandung.
27,351,KAB. BANDUNG,1,24 Okt 2010,https://www.youtube.com/watch?v=w5zJOwh1uWU,Pop Sunda Tong Hilap - Dadang M. Naser Ngamumule Budaya Sunda.avi
28,1092,KAB. BANGGAI,1,,Tidak ada,
29,1095,KAB. BANGGAI,1,22-Sep-15,https://www.youtube.com/watch?v=zE9IFoSQRaM,TV KOBAR: Melanjutkan Harapan Rakyat Banggai 
30,1090,KAB. BANGGAI,1,,Tidak ada,
31,1142,KAB. BANGGAI LAUT,1,,Tidak ada,
32,1139,KAB. BANGGAI LAUT,1,,Tidak ada,
33,1140,KAB. BANGGAI LAUT,1,,Tidak ada,
34,1141,KAB. BANGGAI LAUT,1,,Tidak ada,
35,415,KAB. BANGKA BARAT,1,,Tidak ada,
36,650,KAB. BANGKA BARAT,1,,Tidak ada,
37,558,KAB. BANGKA BARAT,1,,Tidak ada,
38,707,KAB. BANGKA SELATAN,1,,Tidak ada,
39,708,KAB. BANGKA SELATAN,1,,Tidak ada,
40,430,KAB. BANGKA SELATAN,1,,Tidak ada,
41,422,KAB. BANGKA TENGAH,1,31 Okt 2010,www.youtube.com/watch?v=woRQ8XhhhGs ,Profil Bupati Bangka Tengah
42,423,KAB. BANGKA TENGAH,1,,Tidak ada ,
43,859,KAB. BANGLI,1,26-Mar-15,https://www.youtube.com/watch?v=DBMqmgaTooc ,DEKLARASI MADE GIANYAR DAN NGAKAN MADE KUTHA PARWATA
44,861,KAB. BANGLI,1,,Tidak ada ,
45,452,KAB. BANJAR,1,,Tidak ada ,
46,1245,KAB. BANJAR,1,,Tidak ada ,
47,207,KAB. BANJAR,1,,Tidak ada ,
48,519,KAB. BANJAR,1,,Tidak ada ,
49,276,KAB. BANTUL,1,,Tidak ada ,
50,961,KAB. BANTUL,1,,Tidak ada ,
51,553,KAB. BANYUWANGI,1,25 Agt 2014,https://www.youtube.com/watch?v=_Ej9bwlQs_w,Abdullah Azwar Anas - IYL 2014 
52,553,KAB. BANYUWANGI,1,27-Jul-15,https://www.youtube.com/watch?v=mU2gB397pUg,"Naik Becak, Pasangan Anas Yusuf Mendaftar ke KPU Banyuwangi "
53,790,KAB. BANYUWANGI,1,,Tidak ada ,
54,1026,KAB. BARRU,1,9-Jul-15,https://www.youtube.com/watch?v=Go5Fr4hi8jA,H. M. MALKAN AMIN - A. SALAHUDDIN RUM 
55,561,KAB. BARRU,1,,Tidak ada ,
56,548,KAB. BARRU,1,,Tidak ada ,
57,318,KAB. BATANGHARI,1,,Tidak ada ,
58,1032,KAB. BATANGHARI,1,,Tidak ada ,
59,242,KAB. BATANGHARI,1,,Tidak ada ,
60,598,KAB. BATANGHARI,1,,Tidak ada ,
61,934,KAB. BELITUNG TIMUR,1,,Tidak ada ,
62,931,KAB. BELITUNG TIMUR,1,22 Agt 2015,https://www.youtube.com/watch?v=ZQtvnP8_VJc,Calon Bupati Belitung TImur 
63,1155,KAB. BELITUNG TIMUR,1,,Tidak ada ,
64,857,KAB. BELU,1,11-Sep-15,https://www.youtube.com/watch?v=WlcGG0m5Kj4 ,Orasi politik Paket VENNA pilkada BELU MAI ONA 
65,1159,KAB. BELU,1,,Tidak ada ,
66,855,KAB. BELU,1,,Tidak ada ,
67,486,KAB. BENGKALIS,1,,Tidak ada ,
68,1187,KAB. BENGKALIS,1,,Tidak ada ,
69,1188,KAB. BENGKALIS,1,,Tidak ada ,
70,481,KAB. BENGKAYANG,1,,Tidak ada ,
71,464,KAB. BENGKAYANG,1,12-Sep-15,https://www.youtube.com/watch?v=r9Jx9o50tkg ,GIDOT CALON BUPATI BENGKAYANG
72,850,KAB. BENGKULU SELATAN,1,26 Des 2014,https://www.youtube.com/watch?v=y595Pas_dTQ ,SILATURAHMI BAKAL CALON BUPATI BENGKULU SELATAN 2015-2019 
73,851,KAB. BENGKULU SELATAN,1,,Tidak ada ,
74,520,KAB. BENGKULU SELATAN,1,,Tidak ada ,
75,521,KAB. BENGKULU SELATAN,1,,Tidak ada ,
76,38,KAB. BENGKULU UTARA,1,27-Jul-15,https://www.youtube.com/watch?v=byPY80zDi1U ,Deklarasi calon Bupati dan Wakil Bupati MIAN dan ARI BENGKULU UTARA 2016-2021 
77,374,KAB. BENGKULU UTARA,1,,Tidak ada ,
78,308,KAB. BENGKULU UTARA,1,,Tidak ada ,
79,666,KAB. BERAU,1,22-Sep-15,https://www.youtube.com/watch?v=FX8UE2qJdAw,MOVIE PRESENTASI ARIF 1 OK 
80,544,KAB. BERAU,1,,Tidak ada,
81,309,KAB. BIMA,1,19-Sep-15,https://www.youtube.com/watch?v=gTa8KAJHe00,Pilkada Kabupaten Bima Pasangan SYUKUR NO. 3 (bag 1) 
82,309,KAB. BIMA,1,10-Sep-15,https://www.youtube.com/watch?v=et8bqKCZtI4,"RELAWAN (SYUKUR) PASANGAN NOMOR URUT 3 Drs. H. SYAFRUDIN H.M. NUR,M.PD & Drs. H. MASKUR HMS "
83,1033,KAB. BIMA,1,30-Jul-15,https://www.youtube.com/watch?v=nTej76nrCPg,Pasangan Indah Damayanti - Dahlan Daftar Calon Bupati Bima periode 2015-2020 
84,1033,KAB. BIMA,1,27 Agt 2015,https://www.youtube.com/watch?v=khsQ5tXyzI4,Pasangan Indah Damayanti Putri - Dahlan Calon Bupati Bima 
85,209,KAB. BIMA,1,,Tidak ada,
86,67,KAB. BIMA,1,,Tidak ada,
87,715,KAB. BINTAN,1,28-Jul-15,https://www.youtube.com/watch?v=UEr5qPuMCfE ,PASANGAN KHAZALIK INDRA DIUSUNG 3 PARPOl 
88,715,KAB. BINTAN,1,28-Jul-15,https://www.youtube.com/watch?v=_sdzloQ0P9o ,JENDELA KEPRI 28 AGUSTUS 2015 - KHAZALIK - INDRA SETIAWAN MENDAFTAR K KPU SETELAH DEKLARASI 
89,722,KAB. BINTAN,1,12-Feb-15,https://www.youtube.com/watch?v=hKJ1wiwruDE ,DEMOKRAT USUNG APRI SUJADI CALON BUPATI BINTAN 
90,722,KAB. BINTAN,1,28-Jul-15,https://www.youtube.com/watch?v=zGHBxzrppn8 ,SUASANA HARU WARNAI DEKLARASI PASANGAN APRI-DALMASRI 
91,722,KAB. BINTAN,1,12-Feb-15,https://www.youtube.com/watch?v=FSP1BQ9c0L4 ,apri mengaku siap memimpin bintan 
92,228,KAB. BLORA,1,16-Sep-15,https://www.youtube.com/watch?v=mXKB0u1f2QY,Calon Bupati BLORA -Djoko Nugroho DiSAWER Penonton untuk Nyanyi Reggae lagi 
93,228,KAB. BLORA,1,10 Okt 2015,https://www.youtube.com/watch?v=FxBvnmk6if4,Salam 2 Jari - Profil Djoko Nugroho Calon Bupati Blora 
94,228,KAB. BLORA,1,12-Nov-14,https://www.youtube.com/watch?v=UlrPNp9__7E,Nasdem Blora Deklarasi Djoko Nugroho
95,1044,KAB. BLORA,1,15-Sep-15,https://www.youtube.com/watch?v=64CzdyBmaS0,kirab calon bupati blora no 2 
96,482,KAB. BLORA,1,,Tidak ada,
97,348,KAB. BOLAANG MONGONDOW SELATAN,1,,Tidak ada,
98,654,KAB. BOLAANG MONGONDOW SELATAN,1,,Tidak ada,
99,1201,KAB. BOLAANG MONGONDOW TIMUR,1,3 Agt 2015,https://www.youtube.com/watch?v=yjIJCm5NCfA,Dua Calon Kada Daftarkan Diri di KPU Bolaang Mongondow Timur
100,1200,KAB. BOLAANG MONGONDOW TIMUR,1,3 Agt 2015,https://www.youtube.com/watch?v=yjIJCm5NCfA,Dua Calon Kada Daftarkan Diri di KPU Bolaang Mongondow Timur
101,1205,KAB. BOLAANG MONGONDOW TIMUR,1,,,
102,1009,KAB. BONE BOLANGO,1,30-Apr-14,https://www.youtube.com/watch?v=hGPOAyV-jOw ,WAJAH PARA CALON BUPATI BONE BOLANGO TAHUN 2015 
103,806,KAB. BONE BOLANGO,1,31-Jul-15,https://www.youtube.com/watch?v=Ro_TWvkPNuY ,Azan Piola dan Syamsu Botutihe Mendaftar ke KPU 
104,826,KAB. BONE BOLANGO,1,30-Apr-14,https://www.youtube.com/watch?v=hGPOAyV-jOw ,WAJAH PARA CALON BUPATI BONE BOLANGO TAHUN 2015 
105,1007,KAB. BONE BOLANGO,1,30-Apr-14,https://www.youtube.com/watch?v=hGPOAyV-jOw ,WAJAH PARA CALON BUPATI BONE BOLANGO TAHUN 2015 
106,28,KAB. BONE BOLANGO,1,30-Apr-14,https://www.youtube.com/watch?v=hGPOAyV-jOw ,WAJAH PARA CALON BUPATI BONE BOLANGO TAHUN 2015 
107,815,KAB. BONE BOLANGO,1,30-Apr-14,https://www.youtube.com/watch?v=hGPOAyV-jOw ,WAJAH PARA CALON BUPATI BONE BOLANGO TAHUN 2015 
108,698,KAB. BOVEN DIGOEL,1,,Tidak ada,
109,682,KAB. BOVEN DIGOEL,1,,Tidak ada,
110,1124,KAB. BOVEN DIGOEL,1,,Tidak ada,
111,692,KAB. BOVEN DIGOEL,1,,Tidak ada,
112,480,KAB. BOYOLALI,1,23-Sep-15,https://www.youtube.com/watch?v=bE6rpWnw33E ,PILKADA BOYOLALI : GOGON SRIMULAT NEMPEL CALON BUPATI 
113,257,KAB. BOYOLALI,1,26-Jul-15,https://www.youtube.com/watch?v=8q3IXrxydmY ,PILKADA BOYOLALI PASANGAN SENO - SAID DAFTAR KE KPU 
114,906,KAB. BULUKUMBA,1,,Tidak ada,
115,718,KAB. BULUKUMBA,1,1 Agt 2015,https://www.youtube.com/watch?v=RWexH58qBek ,DEKLARASI MASEDY SEKALIGUS PENDAFTARAN KE KPU 27/07/2015 
116,1199,KAB. BULUKUMBA,1,30-Jul-15,https://www.youtube.com/watch?v=60MLoPapVkw,Pendaftaran Calon Bupati Bulukumba Diiringi Tarian Daerah
117,908,KAB. BULUKUMBA,1,2-Sep-15,https://www.youtube.com/watch?v=gS-sk-Z69vk,Calon Bupati Bukukmba Askar HL ke Rakyatku.com 
118,1022,KAB. BULUKUMBA,1,5-Mar-15,https://www.youtube.com/watch?v=6k5Lad2KBlE,Balon Bupati Bulukumba Abd Kahar Muslim- Muh Arif 
119,609,KAB. BULUNGAN,1,,Tidak ada,
120,613,KAB. BULUNGAN,1,,Tidak ada,
121,322,KAB. BULUNGAN,1,,Tidak ada,
122,479,KAB. BUNGO,1,29 Agt 2015,https://www.youtube.com/watch?v=2dE-4ow4G0o ,"H.MASHURI, SP.ME, CALON BUPATI BUNGO 2016 - 2021"
123,479,KAB. BUNGO,1,30 Agt 2015,https://www.youtube.com/watch?v=u7rFSkMLgaE ,MASHURI PILIHAN KITO 
124,1008,KAB. BUNGO,1,19 Mei 2014,https://www.youtube.com/watch?v=2X2nQHsCnwA ,SUDIRMAN ZAINI SIAP DUKUNG HBA MAJU PADA PILGUB JAMBI 2015 
125,742,KAB. BURU SELATAN,1,,Tidak ada,
126,740,KAB. BURU SELATAN,1,16-Sep-15,https://www.youtube.com/watch?v=zyLMiN59Ah0,ASLI Berita 18 September 2015 - VIDEO Calon Bupati Buru Selatan Hakim Fatsey Meninggal 
127,529,KAB. BUTON UTARA,1,,Tidak ada,
128,1000,KAB. BUTON UTARA,1,,Tidak ada,
129,1003,KAB. BUTON UTARA,1,30 Agt 2015,https://www.youtube.com/watch?v=GUgUVuj9YV8,Lagu Abu Hasan-Ramadio Sebagai Calon Bupati Dan Wakil Bupati Buton Utara Periode 2016-2021 
130,589,KAB. CIANJUR,1,22-Jun-15,https://www.youtube.com/watch?v=JgTDTnam3Ac,CALON BUPATI CIANJUR MANG GAWEL 
131,589,KAB. CIANJUR,1,13-Sep-15,https://www.youtube.com/watch?v=vL44Y-3aMrM,Deklarasi Kampanye Damai Diwarnai Kericuhan
132,1143,KAB. CIANJUR,1,16-Sep-15,https://www.youtube.com/watch?v=8JYob1OAA1k,GOYANG DUA JARI IRM HERMAN TEXT 
133,1143,KAB. CIANJUR,1,14-Sep-15,https://www.youtube.com/watch?v=KTQgUqR3crg,Lautan Massa Karnaval Budaya IRM HERMAN Cianjur 
134,497,KAB. CIANJUR,1,13-Sep-15,https://www.youtube.com/watch?v=vL44Y-3aMrM,Deklarasi Kampanye Damai Diwarnai Kericuhan
135,380,KAB. DEMAK,1,,Tidak ada ,
136,230,KAB. DEMAK,1,,Tidak ada ,
137,938,KAB. DEMAK,1,,Tidak ada ,
138,405,KAB. DHARMASRAYA,1,,Tidak ada ,
139,1164,KAB. DHARMASRAYA,1,,Tidak ada ,
140,314,KAB. DOMPU,1,,Tidak ada ,
141,382,KAB. DOMPU,1,,Tidak ada ,
142,640,KAB. DOMPU,1,27-Sep-15,https://www.youtube.com/watch?v=d7c1ymYwxZ0 ,CALON BUPATI DOMPU (PASANGAN OK) 
143,312,KAB. DOMPU,1,26-Feb-15,https://www.youtube.com/watch?v=8K0FnzE9Ytk ,Safari H. Mulyadin-Cabup Dompu 2015-2020 
144,312,KAB. DOMPU,1,26-Feb-15,https://www.youtube.com/watch?v=c4OQ-CykITE ,"H. Mulyadin AR Gani, SH., MH. Silaturrahim di Woko, HU'u Dompu "
145,1101,KAB. FAK FAK,1,4 Okt 2015,https://www.youtube.com/watch?v=nb0RIlKMA9c ,Profil Calon Bupati Fakfak 2015 
146,1102,KAB. FAK FAK,1,,Tidak ada ,
147,1100,KAB. FAK FAK,1,,Tidak ada ,
148,64,KAB. GORONTALO,1,26 Agt 2015,https://www.youtube.com/watch?v=x10RZd38lk4 ,Pengundian Nomor Urut Pasangan Calon Bupati Gorontalo 2015
149,400,KAB. GORONTALO,1,26 Agt 2015,https://www.youtube.com/watch?v=x10RZd38lk4 ,Pengundian Nomor Urut Pasangan Calon Bupati Gorontalo 2015
150,627,KAB. GORONTALO,1,26 Agt 2015,https://www.youtube.com/watch?v=x10RZd38lk4 ,Pengundian Nomor Urut Pasangan Calon Bupati Gorontalo 2015
151,398,KAB. GORONTALO,1,26 Agt 2015,https://www.youtube.com/watch?v=x10RZd38lk4 ,Pengundian Nomor Urut Pasangan Calon Bupati Gorontalo 2015
152,69,KAB. GORONTALO,1,26 Agt 2015,https://www.youtube.com/watch?v=x10RZd38lk4 ,Pengundian Nomor Urut Pasangan Calon Bupati Gorontalo 2015
153,913,KAB. GOWA,1,28 Agt 2015,https://www.youtube.com/watch?v=YW8yJ5AhBqg,Pemaparan Visi Misi Calon Bupati Gowa 2015 (27-08-2015) 
154,106,KAB. GOWA,1,28 Agt 2015,https://www.youtube.com/watch?v=YW8yJ5AhBqg,Pemaparan Visi Misi Calon Bupati Gowa 2015 (27-08-2015) 
155,1249,KAB. GOWA,1,28 Agt 2015,https://www.youtube.com/watch?v=YW8yJ5AhBqg,Pemaparan Visi Misi Calon Bupati Gowa 2015 (27-08-2015) 
156,275,KAB. GOWA,1,28 Agt 2015,https://www.youtube.com/watch?v=YW8yJ5AhBqg,Pemaparan Visi Misi Calon Bupati Gowa 2015 (27-08-2015) 
157,104,KAB. GOWA,1,28 Agt 2015,https://www.youtube.com/watch?v=YW8yJ5AhBqg,Pemaparan Visi Misi Calon Bupati Gowa 2015 (27-08-2015) 
158,,,1,28-Jul-15,https://www.youtube.com/watch?v=96P1b0vB0tw,Adnan-Kio Daftar ke KPU Gowa (27-07-2015) 
159,1013,KAB. GRESIK,1,17-Sep-15,https://www.youtube.com/watch?v=vlcES-Aq3zg,SALAM 2 JARI (gresik berkah) 
160,1014,KAB. GRESIK,1,,Tidak ada,
161,1015,KAB. GRESIK,1,,Tidak ada,
162,484,KAB. GROBOGAN ,1,7 Okt 2015,https://www.youtube.com/watch?v=BDe475I8VDA,"PILKADA GROBOGAN, SRI SUMARNI OPTIMIS DAPAT SUARA 60 PERSEN "
163,484,KAB. GROBOGAN ,1,23 Agt 2015,https://www.youtube.com/watch?v=VqEH69S4bMw,"PILKADA GROBOGAN, DUA BALON BUPATI DUET DI PANGGUNG "
164,930,KAB. GROBOGAN ,1,23 Agt 2015,https://www.youtube.com/watch?v=VqEH69S4bMw,"PILKADA GROBOGAN, DUA BALON BUPATI DUET DI PANGGUNG "
165,535,KAB. GUNUNG KIDUL,1,27-Jul-15,https://www.youtube.com/watch?v=TvCpkHgDO5k,Pastvnews.com Cabup Bardi wae dan Wahyu Gunungkidul siap menang dengan jujur
166,260,KAB. GUNUNG KIDUL,1,31 Agt 2015,https://www.youtube.com/watch?v=UH-Key6_r_E,"Pastvnews.com, janji kesepakatan pilkada Gunungkidul 2015 "
167,636,KAB. GUNUNG KIDUL,1,31 Agt 2015,https://www.youtube.com/watch?v=UH-Key6_r_E,
168,536,KAB. GUNUNG KIDUL,1,31 Agt 2015,https://www.youtube.com/watch?v=UH-Key6_r_E,"Pastvnews.com, janji kesepakatan pilkada Gunungkidul 2015 "
169,476,KAB. HALMAHERA BARAT,1,,Tidak ada,
170,625,KAB. HALMAHERA BARAT,1,,Tidak ada,
171,652,KAB. HALMAHERA BARAT,1,,Tidak ada,
172,421,KAB. HALMAHERA BARAT,1,,Tidak ada,
173,799,KAB. HALMAHERA SELATAN,1,,Tidak ada,
174,803,KAB. HALMAHERA SELATAN,1,,Tidak ada,
175,801,KAB. HALMAHERA SELATAN,1,,Tidak ada,
176,798,KAB. HALMAHERA SELATAN,1,,Tidak ada,
177,496,KAB. HALMAHERA TIMUR,1,,Tidak ada,
178,186,KAB. HALMAHERA TIMUR,1,,Tidak ada,
179,487,KAB. HALMAHERA UTARA,1,,Tidak ada,
180,489,KAB. HALMAHERA UTARA,1,,Tidak ada,
181,194,KAB. HALMAHERA UTARA,1,,Tidak ada,
182,644,KAB. HALMAHERA UTARA,1,,Tidak ada,
183,490,KAB. HALMAHERA UTARA,1,,Tidak ada,
184,448,KAB. HULU SUNGAI TENGAH,1,,Tidak ada,
185,112,KAB. HULU SUNGAI TENGAH,1,,Tidak ada,
186,449,KAB. HULU SUNGAI TENGAH,1,,Tidak ada,
187,571,KAB. HUMBANG HASUNDUTAN,1,,Tidak ada,
188,45,KAB. HUMBANG HASUNDUTAN,1,24-Jun-15,https://www.youtube.com/watch?v=hJhr_A9j8_w,Penyerahan Berkas Dukungan Marganti Manullang Ramses Purba 
189,1284,KAB. HUMBANG HASUNDUTAN,1,,Tidak ada,
190,43,KAB. HUMBANG HASUNDUTAN,1,,Tidak ada,
191,617,KAB. INDRAGIRI HULU,1,8-Sep-15,https://www.youtube.com/watch?v=tQKRuhfdtQQ,Yopi-Khairizal untuk Indragiri Hulu 2015
192,317,KAB. INDRAGIRI HULU,1,,Tidak ada,
193,160,KAB. INDRAMAYU,1,21-Aug-15,https://www.youtube.com/watch?v=Pqym1AinGss,Sosok Toto Sucartono
194,808,KAB. INDRAMAYU,1,17-Sep-15,https://www.youtube.com/watch?v=0ksMwO3hi40,Wewara - Debat Kandidat Cabup-Cawabup Saling Serang
195,630,KAB. JEMBER,1,,https://www.youtube.com/watch?v=_Jiv5ltR68A,
196,386,KAB. JEMBER,1,,Tidak ada,
197,849,KAB. JEMBRANA,1,,Tidak ada,
198,848,KAB. JEMBRANA,1,,Tidak ada,
199,1112,KAB. KAIMANA,1,,Tidak ada,
200,686,KAB. KAIMANA,1,,Tidak ada,
201,469,KAB. KAPUAS HULU,1,23-Sep-15,https://www.youtube.com/watch?v=tCa6M6X1ao4,FAKTA : CALON BUPATI JEMBER FAIDA NOMOR URUT DUA 
202,478,KAB. KAPUAS HULU,1,,Tidak ada,
203,620,KAB. KARANGASEM,1,30-Sep-15,https://www.youtube.com/watch?v=5WGVZFtZXOY,PAKET SUKSES ISI WAKTU DENGAN TIRTAYATRA
204,867,KAB. KARANGASEM,1,30-Jul-15,https://www.youtube.com/watch?v=XxvgEvp_P9E,DEKLARASI PAKET SUDIRTA - SUMIATI
205,262,KAB. KARANGASEM,1,,Tidak ada,
206,44,KAB. KARAWANG,1,,Tidak ada,
207,40,KAB. KARAWANG,1,,Tidak ada,
208,356,KAB. KARAWANG,1,6 Mei 2015,https://www.youtube.com/watch?v=ciyCMcyb72I,"H. Akhmad Marjuki ""Karawang Untuk Kita Semua"", Pilkada 2015 "
209,501,KAB. KARAWANG,1,,Tidak ada,
210,219,KAB. KARAWANG,1,,Tidak ada,
211,42,KAB. KARAWANG,1,,Tidak ada,
212,48,KAB. KARIMUN,1,27 Agt 2015,https://www.youtube.com/watch?v=GsKMWrQ6Dbs,DEKLARASI PASANGAN INDEPENDEN RAJA USMAN - ZULKAINEN 
213,473,KAB. KARIMUN,1,28-Jul-15,https://www.youtube.com/watch?v=Id7yekjgVC0,28 JULI KUASAI SELURUH DUKUNGAN PARTAI BESAR 
214,475,KAB. KARIMUN,1,28 Agt 2015,https://www.youtube.com/watch?v=BGGg-TOzHLw,PILKADA DAMAI KARIMUN 
215,1252,KAB. KARO,1,,Tidak ada,
216,513,KAB. KARO,1,,Tidak ada,
217,967,KAB. KARO,1,21-Sep-15,https://www.youtube.com/watch?v=d7DPXANBKWw,Calon Bupati Karo - Heben Heser Ginting Vs Cuaca Bangun 
218,972,KAB. KARO,1,,Tidak ada,
219,514,KAB. KARO,1,,Tidak ada,
220,973,KAB. KARO,1,,Tidak ada,
221,1167,KAB. KAUR,1,,Tidak ada,
222,84,KAB. KAUR,1,,Tidak ada,
223,1173,KAB. KAUR,1,,Tidak ada,
224,299,KAB. KAUR,1,,Tidak ada,
225,901,KAB. KEBUMEN,1,30 Agt 2015,https://www.youtube.com/watch?v=rcCAwLYnktU,Penyampaian Visi Misi Calon Bupati dan Wakil Bupati Kebumen Periode 2016-2021 
226,902,KAB. KEBUMEN,1,30 Agt 2015,https://www.youtube.com/watch?v=rcCAwLYnktU,Penyampaian Visi Misi Calon Bupati dan Wakil Bupati Kebumen Periode 2016-2021 
227,907,KAB. KEBUMEN,1,30 Agt 2015,https://www.youtube.com/watch?v=rcCAwLYnktU,Penyampaian Visi Misi Calon Bupati dan Wakil Bupati Kebumen Periode 2016-2021 
228,1010,KAB. KEDIRI,1,30 Agt 2015,https://www.youtube.com/watch?v=hr5QetG8c-Q,Calon Bupati Kediri 2015 Nomer Urut 2 
229,1010,KAB. KEDIRI,1,24 Agt 2015,https://www.youtube.com/watch?v=IZ_CQeQOsQM,Kediri Tetapkan 2 Pasangan Calon Bupati 
230,827,KAB. KEDIRI,1,24 Agt 2015,https://www.youtube.com/watch?v=IZ_CQeQOsQM,Kediri Tetapkan 2 Pasangan Calon Bupati 
231,588,KAB. KEEROM,1,,Tidak ada,
232,597,KAB. KEEROM,1,,Tidak ada,
233,585,KAB. KEEROM,1,,Tidak ada,
234,591,KAB. KEEROM,1,,Tidak ada,
235,955,KAB. KENDAL,1,29-Jul-15,https://www.youtube.com/watch?v=Q0lhEz0HsVM,Calon Bupati Perempuan Kendal Siap Bersaing di Pilkada - 29 Juli 2015
236,953,KAB. KENDAL,1,29-Jul-15,https://www.youtube.com/watch?v=Q0lhEz0HsVM,Calon Bupati Perempuan Kendal Siap Bersaing di Pilkada - 29 Juli 2015
237,766,KAB. KEPAHIANG,1,,Tidak ada,
238,737,KAB. KEPAHIANG,1,,Tidak ada,
239,814,KAB. KEPAHIANG,1,,Tidak ada,
240,812,KAB. KEPULAUAN ANAMBAS,1,,Tidak ada,
241,813,KAB. KEPULAUAN ANAMBAS,1,,Tidak ada,
242,1068,KAB. KEPULAUAN ARU,1,,Tidak ada,
243,451,KAB. KEPULAUAN ARU,1,,Tidak ada,
244,1066,KAB. KEPULAUAN ARU,1,,Tidak ada,
245,450,KAB. KEPULAUAN ARU,1,,Tidak ada,
246,1137,KAB. KEPULAUAN MERANTI,1,21-Sep-15,https://www.youtube.com/watch?v=bB3nLIrs9mU,Pilkada 2015 H Tengku Mustafa & Amyurlis (Ucok) 
247,1138,KAB. KEPULAUAN MERANTI,1,23-Apr-15,https://www.youtube.com/watch?v=oLbGKvnFnyc,MERANTI IRWAN KEMBALIKAN FORMULIR KE PPP 
248,249,KAB. KEPULAUAN SELAYAR,1,,Tidak ada,
249,251,KAB. KEPULAUAN SELAYAR,1,4-Sep-15,https://www.youtube.com/watch?v=uciR9hNWDoo,BerSUJUD.mp4 
250,819,KAB. KEPULAUAN SELAYAR,1,10 Agt 2015,https://www.youtube.com/watch?v=2aenQGTZYU8,Demo Simpatisan AG di KPUD Kep. Selayar 
251,499,KAB. KEPULAUAN SULA,1,,Tidak ada,
252,503,KAB. KEPULAUAN SULA,1,,Tidak ada,
253,502,KAB. KEPULAUAN SULA,1,,Tidak ada,
254,465,KAB. KETAPANG,1,,Tidak ada,
255,180,KAB. KETAPANG,1,,Tidak ada,
256,181,KAB. KETAPANG,1,,Tidak ada,
257,467,KAB. KETAPANG,1,,Tidak ada,
258,633,KAB. KLATEN,1,12-Jan-15,https://www.youtube.com/watch?v=OoGEKL7kn_0,Wakil Bupati Klaten Daftar Jadi Calon Bupati 
259,273,KAB. KLATEN,1,,Tidak ada,
260,81,KAB. KLATEN,1,,Tidak ada,
261,1006,KAB. KOLAKA TIMUR,1,,Tidak ada,
262,224,KAB. KOLAKA TIMUR,1,19 Okt 2015,https://www.youtube.com/watch?v=fmTjg6Ke7iQ,Presentasi Calon Bupati Kolaka Timur (SAFARI) 
263,506,KAB. KOLAKA TIMUR,1,,Tidak ada,
264,507,KAB. KOLAKA TIMUR,1,,Tidak ada,
265,508,KAB. KONAWE KEPULAUAN,1,,Tidak ada,
266,985,KAB. KONAWE KEPULAUAN,1,,Tidak ada,
267,986,KAB. KONAWE KEPULAUAN,1,,Tidak ada,
268,942,KAB. KONAWE SELATAN,1,4-Jun-15,https://www.youtube.com/watch?v=k0zTQ1xrKXg,SILATURAHMI AKBAR RUSMIN ABDUL GANI CALON BUPATI KAB KONAWE SELATAN 21032015 
269,,KAB. KONAWE SELATAN,1,2-Jun-15,https://www.youtube.com/watch?v=ymQy_UcI2Ic,"Deklarasi bersama BERAGAM Rusmin Muhlis Calon Bupati Konsel 2016 2021, 01062015 "
270,407,KAB. KONAWE SELATAN,1,,Tidak ada,
271,943,KAB. KONAWE SELATAN,1,,Tidak ada,
272,226,KAB. KONAWE SELATAN,1,,Tidak ada,
273,969,KAB. KONAWE UTARA,1,,Tidak ada,
274,978,KAB. KONAWE UTARA,1,,Tidak ada,
275,963,KAB. KONAWE UTARA,1,,Tidak ada,
276,720,KAB. KOTABARU,1,1-Mar-15,https://www.youtube.com/watch?v=JRLY7QsRVes,HEBOH IKLAN 1 CALON BUPATI KOTABARU RUDY SURYANA
277,445,KAB. KOTABARU,1,,Tidak ada,
278,1251,KAB. KOTABARU,1,,Tidak ada,
279,130,KAB. KOTABARU,1,,Tidak ada,
280,125,KAB. KOTABARU,1,,Tidak ada,
281,131,KAB. KOTABARU,1,24-Apr-15,https://www.youtube.com/watch?v=AD28qGDD_1M,H. M. Alamsyah - Kotabaru 1 
282,725,KAB. KOTAWARINGIN TIMUR,1,,Tidak ada,
283,730,KAB. KOTAWARINGIN TIMUR,1,,Tidak ada,
284,1005,KAB. KOTAWARINGIN TIMUR,1,,Tidak ada,
285,733,KAB. KOTAWARINGIN TIMUR,1,,Tidak ada,
286,330,KAB. KUANTAN SINGINGI,1,25 Agt 2015,https://www.youtube.com/watch?v=vyrHilJNd6c,"KUANSING RABU PAGI, KPU KUANSING TETAPKAN NOMOR URUT"
287,402,KAB. KUANTAN SINGINGI,1,25 Agt 2015,https://www.youtube.com/watch?v=vyrHilJNd6c,"KUANSING RABU PAGI, KPU KUANSING TETAPKAN NOMOR URUT"
288,774,KAB. KUANTAN SINGINGI,1,20 Apr 2015,https://www.youtube.com/watch?v=MnCtIBf7Vdg,MURSINI GANDENG HALIM DI KUANSING 
289,,KAB. KUANTAN SINGINGI,1,25 Agt 2015,https://www.youtube.com/watch?v=vyrHilJNd6c,"KUANSING RABU PAGI, KPU KUANSING TETAPKAN NOMOR URUT"
290,623,KAB. KUTAI BARAT,1,,Tidak ada,
291,60,KAB. KUTAI BARAT,1,,Tidak ada,
292,936,KAB. KUTAI BARAT,1,,Tidak ada,
293,61,KAB. KUTAI BARAT,1,,Tidak ada,
294,188,KAB. KUTAI KARTANEGARA,1,,Tidak ada,
295,1254,KAB. KUTAI KARTANEGARA,1,,Tidak ada,
296,189,KAB. KUTAI KARTANEGARA,1,8-Apr-15,https://www.youtube.com/watch?v=3PpFridjcZU,VIDEO Rita Widyasari Daftar Calon Bupati di PDIP Tenggarong 
297,1216,KAB. KUTAI KARTANEGARA,1,,Tidak ada,
298,608,KAB. KUTAI TIMUR,1,,Tidak ada,
299,545,KAB. KUTAI TIMUR,1,,Tidak ada,
300,606,KAB. KUTAI TIMUR,1,,Tidak ada,
301,568,KAB. LABUHANBATU,1,,Tidak ada,
302,928,KAB. LABUHANBATU,1,,Tidak ada,
303,52,KAB. LABUHANBATU,1,,Tidak ada,
304,929,KAB. LABUHANBATU,1,,Tidak ada,
305,57,KAB. LABUHANBATU,1,,Tidak ada,
306,959,KAB. LABUHANBATU SELATAN,1,,Tidak ada,
307,543,KAB. LABUHANBATU SELATAN,1,,Tidak ada,
308,41,KAB. LABUHANBATU SELATAN,1,,Tidak ada,
309,541,KAB. LABUHANBATU UTARA,1,31-Jul-15,https://www.youtube.com/watch?v=548-DI73cys,MINAN-ANTO 
310,47,KAB. LABUHANBATU UTARA,1,,Tidak ada,
311,940,KAB. LABUHANBATU UTARA,1,,Tidak ada,
312,1055,KAB. LAMONGAN,1,11 Agt 2015,https://www.youtube.com/watch?v=NNBw2Y3OSNo,Calon Bupati Lamongan Dibacok Orang Tak Dikenal
313,1043,KAB. LAMONGAN,1,10-Jan-15,https://www.youtube.com/watch?v=w7ZsJl4BsLc,Prestasi Lamongan
314,1057,KAB. LAMONGAN,1,,Tidak ada,
315,602,KAB. LAMPUNG SELATAN,1,,Tidak ada,
316,1195,KAB. LAMPUNG SELATAN,1,,Tidak ada,
317,601,KAB. LAMPUNG SELATAN,1,8-Sep-15,https://www.youtube.com/watch?v=2k3_AkVcsr0,Ngider-ngider bareng Bang ZEN 
318,10,KAB. LAMPUNG TENGAH,1,,Tidak ada,
319,594,KAB. LAMPUNG TENGAH,1,30 Agt 2015,https://www.youtube.com/watch?v=Xq_IizzbJrY,Visi Misi Calon Bupati Lampung Tengah
320,599,KAB. LAMPUNG TENGAH,1,,Tidak ada,
321,252,KAB. LAMPUNG TENGAH,1,,Tidak ada,
322,939,KAB. LAMPUNG TIMUR,1,2-Sep-15,https://www.youtube.com/watch?v=xWKpBNsMY4w,Calon Bupati Lamtim. 
323,932,KAB. LAMPUNG TIMUR,1,21 Agt 2015,https://www.youtube.com/watch?v=VaGlQXK4fqI,CHUSNUNIA CHALIM
324,933,KAB. LAMPUNG TIMUR,1,,Tidak ada,
325,665,KAB. LEBONG,1,,Tidak ada,
326,142,KAB. LEBONG,1,,Tidak ada,
327,670,KAB. LEBONG,1,,Tidak ada,
328,147,KAB. LEBONG,1,,Tidak ada,
329,695,KAB. LEBONG,1,,Tidak ada,
330,787,KAB. LIMA PULUH KOTA,1,,Tidak ada,
331,66,KAB. LIMA PULUH KOTA,1,,Tidak ada,
332,893,KAB. LIMA PULUH KOTA,1,,Tidak ada,
333,559,KAB. LIMA PULUH KOTA,1,,Tidak ada,
334,823,KAB. LINGGA,1,,Tidak ada,
335,816,KAB. LINGGA,1,16-Sep-15,https://www.youtube.com/watch?v=8_w9iHRJcy4,Visi Misi dan Suara Hati Calon Bupati Kabupaten Lingga Alias Wello 
336,825,KAB. LINGGA,1,,Tidak ada,
337,820,KAB. LINGGA,1,,Tidak ada,
338,212,KAB. LOMBOK TENGAH,1,,Tidak ada,
339,984,KAB. LOMBOK TENGAH,1,4-Jun-14,https://www.youtube.com/watch?v=C-QCV1yQEj8,MIQ NGOH TANTANG SUHAILI 
340,310,KAB. LOMBOK TENGAH,1,2-Sep-14,https://www.youtube.com/watch?v=NRFvg9H0ygs,L SUPRAYATNO JANJIKAN GAJINYA DIHIBAHKAN 
341,1215,KAB. LOMBOK TENGAH,1,,Tidak ada,
342,311,KAB. LOMBOK TENGAH,1,,Tidak ada,
343,550,KAB. LOMBOK UTARA,1,,https://www.youtube.com/watch?v=fwS2yHEYxz4,KLU 8 PARTAI RESMI DUKUNG NAJMUL 
344,550,KAB. LOMBOK UTARA,1,,https://www.youtube.com/watch?v=FKKvDlN-fV4,H. NAJMUL AKHYAR PEMIMPIN TERBAIK PILIHAN LOMBOK UTARA 
345,769,KAB. LOMBOK UTARA,1,,Tidak ada,
346,909,KAB. LUWU TIMUR,1,,Tidak ada,
347,911,KAB. LUWU TIMUR,1,,Tidak ada,
348,732,KAB. LUWU TIMUR,1,11-Feb-15,https://www.youtube.com/watch?v=s7Q-zQiUbc4,Kunjungan Calon Bupati Luwu Timur Thoriq Husler Ke Rakyatku.com
349,410,KAB. LUWU UTARA,1,,Tidak ada,
350,667,KAB. LUWU UTARA,1,,Tidak ada,
351,584,KAB. MAHAKAM ULU,1,,Tidak ada,
352,187,KAB. MAHAKAM ULU,1,,Tidak ada,
353,586,KAB. MAHAKAM ULU,1,,Tidak ada,
354,647,KAB. MAJENE,1,,Tidak ada,
355,651,KAB. MAJENE,1,,Tidak ada,
356,649,KAB. MAJENE,1,,Tidak ada,
357,876,KAB. MALAKA,1,,Tidak ada,
358,868,KAB. MALAKA,1,,Tidak ada,
359,874,KAB. MALAKA,1,28-Jul-15,https://www.youtube.com/watch?v=6ZwjShwA22Y,Pendaftaran Calon Bupati Malaka Diiringu Fastival Budaya - iNews Siang 28/07 
360,611,KAB. MALANG,1,,Tidak ada,
361,70,KAB. MALANG,1,,Tidak ada,
362,455,KAB. MALANG,1,,Tidak ada,
363,957,KAB. MALINAU,1,,Tidak ada,
364,531,KAB. MALINAU,1,,Tidak ada,
365,1109,KAB. MALUKU BARAT DAYA,1,,Tidak ada,
366,1110,KAB. MALUKU BARAT DAYA,1,,Tidak ada,
367,439,KAB. MALUKU BARAT DAYA,1,,Tidak ada,
368,660,KAB. MAMBERAMO RAYA,1,,Tidak ada,
369,658,KAB. MAMBERAMO RAYA,1,,Tidak ada,
370,460,KAB. MAMBERAMO RAYA,1,,Tidak ada,
371,1030,KAB. MAMUJU,1,,Tidak ada,
372,1029,KAB. MAMUJU,1,,Tidak ada,
373,1028,KAB. MAMUJU,1,,Tidak ada,
374,1028,KAB. MAMUJU,1,,Tidak ada,
375,885,KAB. MAMUJU TENGAH,1,,Tidak ada,
376,886,KAB. MAMUJU TENGAH,1,,Tidak ada,
377,882,KAB. MAMUJU UTARA,1,,Tidak ada,
378,878,KAB. MAMUJU UTARA,1,,Tidak ada,
379,879,KAB. MAMUJU UTARA,1,,Tidak ada,
380,974,KAB. MANDAILING NATAL,1,11 Agt 2015,https://www.youtube.com/watch?v=oO74eQYQi9Y,Pendaftaran Calon Bupati & Wakil Bupati Mandailing Natal Tahun 2015 bagian 1 
381,974,KAB. MANDAILING NATAL,1,27-Sep-15,https://www.youtube.com/watch?v=QnnTcxPSPFc,"Pilkada Serentak 2015, Kampanye Terselubung Calon Bupati Mandailing - iNews Pagi 28/09 "
382,976,KAB. MANDAILING NATAL,1,11 Agt 2015,https://www.youtube.com/watch?v=oO74eQYQi9Y,Pendaftaran Calon Bupati & Wakil Bupati Mandailing Natal Tahun 2015 bagian 1 
383,282,KAB. MANDAILING NATAL,1,11 Agt 2015,https://www.youtube.com/watch?v=oO74eQYQi9Y,Pendaftaran Calon Bupati & Wakil Bupati Mandailing Natal Tahun 2015 bagian 1 
384,1051,KAB. MANGGARAI,1,,Tidak ada,
385,1052,KAB. MANGGARAI,1,,Tidak ada,
386,1077,KAB. MANGGARAI BARAT,1,,Tidak ada,
387,1086,KAB. MANGGARAI BARAT,1,,Tidak ada,
388,1078,KAB. MANGGARAI BARAT,1,,Tidak ada,
389,1080,KAB. MANGGARAI BARAT,1,,Tidak ada,
390,1084,KAB. MANGGARAI BARAT,1,,Tidak ada,
391,1038,KAB. MANOKWARI,1,,Tidak ada,
392,132,KAB. MANOKWARI,1,,Tidak ada,
393,134,KAB. MANOKWARI,1,,Tidak ada,
394,634,KAB. MANOKWARI,1,,Tidak ada,
395,1149,KAB. MANOKWARI SELATAN,1,,Tidak ada,
396,1148,KAB. MANOKWARI SELATAN,1,,Tidak ada,
397,375,KAB. MAROS,1,21-Sep-15,https://www.youtube.com/watch?v=oTH4KbB5Wak,Kampanye Hitam Serang Calon Bupati dan Wakil Bupati Maros
398,375,KAB. MAROS,1,27 Agt 2015,https://www.youtube.com/watch?v=rJUFdc2ZxcI,Pengundian Nomor Urut Calon Bupati Maros 
399,1012,KAB. MAROS,1,21-Sep-15,https://www.youtube.com/watch?v=oTH4KbB5Wak,Kampanye Hitam Serang Calon Bupati dan Wakil Bupati Maros
400,1012,KAB. MAROS,1,27 Agt 2015,https://www.youtube.com/watch?v=rJUFdc2ZxcI,Pengundian Nomor Urut Calon Bupati Maros 
401,1011,KAB. MAROS,1,21-Sep-15,https://www.youtube.com/watch?v=oTH4KbB5Wak,Kampanye Hitam Serang Calon Bupati dan Wakil Bupati Maros
402,,,1,27 Agt 2015,https://www.youtube.com/watch?v=rJUFdc2ZxcI,Pengundian Nomor Urut Calon Bupati Maros 
403,277,KAB. OGAN ILIR,1,7 Agt 2015,https://www.youtube.com/watch?v=w1SIu0VhM2s,Ir Sobli Rozali - Prof DR H M Taufik Toha DEA.
404,993,KAB. OGAN ILIR,1,14-Apr-10,https://www.youtube.com/watch?v=iK2rY9ZHF2Y,"Bupati Ogan Ilir, Mimpi Helmy Yahya Selanjutnya_liputa6.com.flv "
405,383,KAB. OGAN ILIR,1,5-Sep-15,https://www.youtube.com/watch?v=XkFYdVMHBI4,Calon Bupati Ogan Ilir Aw Noviadi 
406,466,KAB. OGAN KOMERING ULU,1,30-Jul-15,https://www.youtube.com/watch?v=KJO1lj_FQ3Q,KURYANA JOHAN VS PERCHA NIAN PERANG MASSA PERMULAAN 
407,988,KAB. OGAN KOMERING ULU,1,30-Jul-15,https://www.youtube.com/watch?v=KJO1lj_FQ3Q,KURYANA JOHAN VS PERCHA NIAN PERANG MASSA PERMULAAN 
408,796,KAB. OGAN KOMERING ULU SELATAN,1,,Tidak ada,
409,788,KAB. OGAN KOMERING ULU SELATAN,1,,Tidak ada,
410,782,KAB. OGAN KOMERING ULU TIMUR,1,,Tidak ada,
411,518,KAB. OGAN KOMERING ULU TIMUR,1,21 Agt 2015,https://www.youtube.com/watch?v=FyIFkc-Iwfk,MOHON DOA RESTU MASYARAKAT BUMI OKU TIMUR - EDWARD JAYA - SUGENG SUPRIYANTO - SEBIDUK SEHALUAN 
412,1231,KAB. OGAN KOMERING ULU TIMUR,1,,Tidak ada,
413,1237,KAB. PACITAN,1,,Tidak ada,
414,306,KAB. PACITAN,1,29-Jul-15,https://www.youtube.com/watch?v=NnlIvgCWiz4&index=6&list=PL2_-eZ37pf2ZjVsBcp6nAPg6WI8eLEX8P,KABAR PACITAN --- DAFTAR KE KPU INDIGO DIARAK SIMPATISAN DAN PENDUKUNG 
415,776,KAB. PADANG PARIAMAN,1,,Tidak ada,
416,916,KAB. PADANG PARIAMAN,1,,Tidak ada,
417,833,KAB. PAHUWATO,1,,Tidak ada,
418,836,KAB. PAHUWATO,1,,Tidak ada,
419,15,KAB. PAKPAK BHARAT,1,,Tidak ada,
420,1091,KAB. PAKPAK BHARAT,1,,Tidak ada,
421,1089,KAB. PAKPAK BHARAT,1,1 Agt 2015,https://www.youtube.com/watch?v=yHg23bFgex8,DEKLARASI 9 PARPOL PENDUKUNG RYB-MAJU CALON BUPATI PAKPAK BHARAT 2015-2020 
422,1089,KAB. PAKPAK BHARAT,1,7/31/2015,https://www.youtube.com/watch?v=-4GmnoAbhjQ,"Remigo Berutu, Cek Setiap Calon Bupati Pakpak Bharat Terkait Penguasaan Daerah "
423,307,KAB. PANDEGLANG,1,27-Jul-15,https://www.youtube.com/watch?v=u2SHoaddrIA,Fenomena Borong Parpol! Menantu Atut PEDE Daftarkan Diri jadi Calon PETINGGI Pandeglang 27/7/2015 
424,341,KAB. PANDEGLANG,1,,Tidak ada,
425,304,KAB. PANDEGLANG,1,27 Agt 2015,https://www.youtube.com/watch?v=Qy-UeZGf4-o,Pandeglang Hasanah Visi Bupati Baru
426,1150,KAB. PANGANDARAN,1,24-Mar-13,https://www.youtube.com/watch?v=ftxsNLgh960,"Pidato Politik Ketua DPC PDIP Jeje Wiradinata, Calon Wakil Bupati Ciamis 2014 - 2019. "
427,1151,KAB. PANGANDARAN,1,24-Sep-15,https://www.youtube.com/watch?v=1NtW245bd4A,Nomor 2 Bakal Juarai Pilkada Pangandaran 9 Desember 2015 
428,1152,KAB. PANGANDARAN,1,9-Sep-15,https://www.youtube.com/watch?v=OggS3wnSzbQ,Dokumentasi HIDMAT di Launching KAMPANYE DAMAI Pilkada Pangandaran
429,685,KAB. PANGKAJENE KEPULAUAN,1,26 Agt 2015,https://www.youtube.com/watch?v=YmVZZ84xdXs,Penetapan Nomor Urut Calon Bupati & Wakil Bupati Kab Pangkajene Kepulauan 
430,689,KAB. PANGKAJENE KEPULAUAN,1,26 Agt 2015,https://www.youtube.com/watch?v=YmVZZ84xdXs,Penetapan Nomor Urut Calon Bupati & Wakil Bupati Kab Pangkajene Kepulauan 
431,694,KAB. PANGKAJENE KEPULAUAN,1,26 Agt 2015,https://www.youtube.com/watch?v=YmVZZ84xdXs,Penetapan Nomor Urut Calon Bupati & Wakil Bupati Kab Pangkajene Kepulauan 
432,690,KAB. PANGKAJENE KEPULAUAN,1,26 Agt 2015,https://www.youtube.com/watch?v=YmVZZ84xdXs,Penetapan Nomor Urut Calon Bupati & Wakil Bupati Kab Pangkajene Kepulauan 
433,701,KAB. PASAMAN,1,,Tidak ada,
434,393,KAB. PASAMAN,1,,Tidak ada,
435,1060,KAB. PASAMAN BARAT,1,,Tidak ada,
436,847,KAB. PASAMAN BARAT,1,,Tidak ada,
437,409,KAB. PASAMAN BARAT,1,,Tidak ada,
438,639,KAB. PASER,1,,Tidak ada,
439,655,KAB. PASER,1,,Tidak ada,
440,1192,KAB. PEGUNUNGAN ARFAK,1,,Tidak ada,
441,1070,KAB. PEGUNUNGAN ARFAK,1,,Tidak ada,
442,956,KAB. PEGUNUNGAN BINTANG,1,,Tidak ada,
443,578,KAB. PEGUNUNGAN BINTANG,1,,Tidak ada,
444,958,KAB. PEGUNUNGAN BINTANG,1,,Tidak ada,
445,951,KAB. PEGUNUNGAN BINTANG,1,,Tidak ada,
446,709,KAB. PEKALONGAN,1,19-Sep-15,https://www.youtube.com/watch?v=AaoYgNUb2wg,ASIP DAN ARINI CALON BUPATI & WAKIL BUPATI KAB. Pekalongan Tahun 2015 
447,355,KAB. PEKALONGAN,1,11-Sep-15,https://www.youtube.com/watch?v=JZdghAyDGOE,PIDATO PEMANTAPAN TIM SUKSES RISWADI-NURBALISTIK - TAWON MERAH 
448,791,KAB. PEMALANG,1,,Tidak ada,
449,807,KAB. PEMALANG,1,28-Jul-15,https://www.youtube.com/watch?v=KDgulLsRDcY,DEKLARASI BALON BUPATI PEMALANG Bpk.H.MUCH.JUNAEDI SH.MM & BALON WAKIL BUPATI Bpk.Drs.H. MARTONO
450,781,KAB. PEMALANG,1,17 Okt 2015,https://www.youtube.com/watch?v=_0t2P-Bln3k,FORMASI BAND - DUKUNG SEMAR Calon Bupati/Wakil Bupati Pemalang 2015 No.1 M.ARIFIN - ROMI INDIARTO 
451,565,KAB. PENUKAL ABAB LEMATANG ILIR,1,,Tidak ada,
452,567,KAB. PENUKAL ABAB LEMATANG ILIR,1,,Tidak ada,
453,562,KAB. PENUKAL ABAB LEMATANG ILIR,1,,Tidak ada,
454,76,KAB. PESAWARAN,1,,Tidak ada,
455,1177,KAB. PESAWARAN,1,,Tidak ada,
456,1178,KAB. PESAWARAN,1,,Tidak ada,
457,1180,KAB. PESAWARAN,1,9-Mar-15,https://www.youtube.com/watch?v=fsHbt_MEfkU,Dendi Hasanah Daftar Bupati Pesawaran Di Pilkada 2015 
458,952,KAB. PESISIR BARAT,1,,Tidak ada,
459,949,KAB. PESISIR BARAT,1,,Tidak ada,
460,593,KAB. PESISIR BARAT,1,,Tidak ada,
461,90,KAB. PESISIR BARAT,1,,Tidak ada,
462,761,KAB. PESISIR SELATAN,1,,Tidak ada,
463,767,KAB. PESISIR SELATAN,1,,Tidak ada,
464,845,KAB. PESISIR SELATAN,1,8 Agt 2015,https://www.youtube.com/watch?v=_90GRWTiAkc&list=PLiVjCuiNhccRi2kFm132lsxEpbCjp2quA,Maju atau Tidak di Pilkada Pessel 
465,411,KAB. PONOROGO,1,29 Agt 2015,https://www.youtube.com/watch?v=WC8TfaIrn0E,"PONOROGO berSATU, SUGIRI SUKIRNO BUPATIKU "
466,411,KAB. PONOROGO,1,27-Jul-15,https://www.youtube.com/watch?v=bKxejSTFEoY,4 Pasangan Bakal Calon Bupati Ponorogo Resmi Mendaftar di KPU 
467,418,KAB. PONOROGO,1,24 Mei 2015,https://www.youtube.com/watch?v=sNrTPWP8oiY,Jalan Santai H. Ipong Muchlissoni 24 mei 2015 
468,418,KAB. PONOROGO,1,27-Jul-15,https://www.youtube.com/watch?v=bKxejSTFEoY,4 Pasangan Bakal Calon Bupati Ponorogo Resmi Mendaftar di KPU 
469,454,KAB. PONOROGO,1,27-Jul-15,https://www.youtube.com/watch?v=bKxejSTFEoY,4 Pasangan Bakal Calon Bupati Ponorogo Resmi Mendaftar di KPU 
470,420,KAB. PONOROGO,1,27-Jul-15,https://www.youtube.com/watch?v=bKxejSTFEoY,4 Pasangan Bakal Calon Bupati Ponorogo Resmi Mendaftar di KPU 
471,1065,KAB. POSO,1,1 Okt 2015,https://www.youtube.com/watch?v=dj3b1fJ1Y9M,Debat Publik Pasangan Calon Bupati Poso Tahun 2015 Part I 
472,1065,KAB. POSO,1,1 Okt 2015,https://www.youtube.com/watch?v=pxT7Kb3jn8E,Debat Publik Pasangan Calon Bupati Poso Tahun 2015 Part II 
473,1061,KAB. POSO,1,1 Okt 2015,https://www.youtube.com/watch?v=dj3b1fJ1Y9M,Debat Publik Pasangan Calon Bupati Poso Tahun 2015 Part I 
474,1061,KAB. POSO,1,1 Okt 2015,https://www.youtube.com/watch?v=pxT7Kb3jn8E,Debat Publik Pasangan Calon Bupati Poso Tahun 2015 Part II 
475,1064,KAB. POSO,1,1 Okt 2015,https://www.youtube.com/watch?v=dj3b1fJ1Y9M,Debat Publik Pasangan Calon Bupati Poso Tahun 2015 Part I 
476,1064,KAB. POSO,1,1 Okt 2015,https://www.youtube.com/watch?v=pxT7Kb3jn8E,Debat Publik Pasangan Calon Bupati Poso Tahun 2015 Part II 
477,793,KAB. PULAU TALIABU,1,,Tidak ada,
478,784,KAB. PULAU TALIABU,1,,Tidak ada,
479,897,KAB. PURBALINGGA,1,24 Agt 2015,https://www.youtube.com/watch?v=zjkTRJ8bKq4,DEKLARASI PDI PERJUANGAN KABUPATEN PURBALINGGA 
480,1207,KAB. PURBALINGGA,1,3 Okt 2015,https://www.youtube.com/watch?v=0asrxciW9L0,"Sugeng-Sucipto dadi Adipati Versi Campursari ""KamuAjo"" Purbalinggga"
481,919,KAB. PURWOREJO,1,30-Jul-15,https://www.youtube.com/watch?v=uIn80CvwEIY,"Cawabup Budi Sunaryo, Kades Majir, dilaporkan karena korupsi ADD "
482,921,KAB. PURWOREJO,1,14-Sep-15,https://www.youtube.com/watch?v=OPML8eLgfFQ,Cabup Agus Bastian Bernostalgia di SMPN 8 Purworejo
483,917,KAB. PURWOREJO,1,8 Okt 2015,https://www.youtube.com/watch?v=8UPMF2dg-Y0,2 TIMSES CABUP TEWAS TERTABRAK KERETA 
484,721,KAB. RAJA AMPAT,1,,Tidak ada,
485,1113,KAB. RAJA AMPAT,1,,Tidak ada,
486,1114,KAB. RAJA AMPAT,1,,Tidak ada,
487,136,KAB. RAJA AMPAT,1,,Tidak ada,
488,525,KAB. REJANG LEBONG,1,,Tidak ada,
489,296,KAB. REJANG LEBONG,1,,Tidak ada,
490,1128,KAB. REJANG LEBONG,1,,Tidak ada,
491,526,KAB. REJANG LEBONG,1,,Tidak ada,
492,1130,KAB. REJANG LEBONG,1,,Tidak ada,
493,1136,KAB. REJANG LEBONG,1,,Tidak ada,
494,1127,KAB. REJANG LEBONG,1,17 Okt 2015,https://www.youtube.com/watch?v=5OJVf3-lK7E,Calon bupati Rejang Lebong FATROLAZI. SE No.1 
495,1127,KAB. REJANG LEBONG,1,17 Okt 2015,https://www.youtube.com/watch?v=6qw50P5hmYQ,FATROLAZI CABUB NO.1 KABUPATEN REJANG LEBONG 
496,792,KAB. REMBANG,1,20 Agt 2015,https://www.youtube.com/watch?v=aNAx4rg7ZEI,3 Pasang Calon Bupati Dan Wakil Bupati Rembang 2015
497,762,KAB. REMBANG,1,20 Agt 2015,https://www.youtube.com/watch?v=aNAx4rg7ZEI,3 Pasang Calon Bupati Dan Wakil Bupati Rembang 2015
498,780,KAB. REMBANG,1,20 Agt 2015,https://www.youtube.com/watch?v=aNAx4rg7ZEI,3 Pasang Calon Bupati Dan Wakil Bupati Rembang 2015
499,29,KAB. SABU RAIJUA,1,,Tidak ada,
500,894,KAB. SABU RAIJUA,1,,Tidak ada,
501,31,KAB. SABU RAIJUA,1,,Tidak ada,
502,783,KAB. SAMBAS,1,,Tidak ada,
503,283,KAB. SAMBAS,1,,Tidak ada,
504,785,KAB. SAMBAS,1,,Tidak ada,
505,435,KAB. SAMOSIR,1,3 Agt 2015,https://www.youtube.com/watch?v=FBYQwXNK6gc,"HO DO AU, AU DO HO (RAUN SITANGGANG DAN PARDAMEAN GULTOM) "
506,435,KAB. SAMOSIR,1,19-Sep-14,https://www.youtube.com/watch?v=sABq3wJ9P_U,Bunthora Situmorang dan Raun Sitanggang @ Forum Komunikasi Peduli Tanah Samosir (PETIR) 
507,538,KAB. SAMOSIR,1,3 Agt 2015,https://www.youtube.com/watch?v=5X435Q6M5gI,"Samosir Najogi - Cipt. Drs. Rapidin Simbolon,MM "
508,1020,KAB. SAMOSIR,1,12 Agt 2015,https://www.youtube.com/watch?v=yIeN6G9BUTk,Horas [Hatorangan Oloan untuk Rakyat Samosir] 
509,1021,KAB. SAMOSIR,1,,Tidak ada,
510,471,KAB. SEKADAU,1,,Tidak ada,
511,789,KAB. SEKADAU,1,,Tidak ada,
512,794,KAB. SEKADAU,1,9-Sep-15,https://www.youtube.com/watch?v=Nxw4GRIwRQI,PASANGAN YANSEN SAHARUDIN RESMI MENJADI CALON BUPATI SEKADAU 01 
513,459,KAB. SEKADAU,1,,Tidak ada,
514,139,KAB. SELUMA,1,8 Okt 2013,https://www.youtube.com/watch?v=DxEksh2I8dg,Cabup Seluma Merasa Dicurangi MK 
515,1193,KAB. SELUMA,1,,Tidak ada,
516,527,KAB. SELUMA,1,,Tidak ada,
517,1194,KAB. SELUMA,1,,Tidak ada,
518,528,KAB. SELUMA,1,,Tidak ada,
519,1129,KAB. SEMARANG,1,24 Agt 2015,https://www.youtube.com/watch?v=unk6eTpLAO4,#JatiMas : Pengabdian Nurjatmiko untuk Kabupaten Semarang 
520,1129,KAB. SEMARANG,1,1-Sep-15,https://www.youtube.com/watch?v=E9ePE9WM5Kc,"Nih, Gaya Deklarasi Damai Dua Paslon Kabupaten Semarang "
521,1131,KAB. SEMARANG,1,1-Sep-15,https://www.youtube.com/watch?v=E9ePE9WM5Kc,"Nih, Gaya Deklarasi Damai Dua Paslon Kabupaten Semarang "
522,1111,KAB. SERAM BAGIAN TIMUR,1,,Tidak ada,
523,453,KAB. SERAM BAGIAN TIMUR,1,23-Jun-15,https://www.youtube.com/watch?v=nmQq-v-1xo4,Konvoi Akbar pendukung MUFAKAT SBT 
524,1184,KAB. SERANG,1,,Tidak ada,
525,713,KAB. SERANG,1,2-Sep-15,https://www.youtube.com/watch?v=C2V6NgxWRSM,Pilkada Banten 2015 Tatu Chasanah Bantah Bangun Dinasti 
526,350,KAB. SERDANG BEDAGAI,1,12 Agt 2015,https://www.youtube.com/watch?v=zIxa0UlUKWA,Debat Calon Bupati dan Wakil Bupati Serdang Bedagai 2010-2015 
527,680,KAB. SERDANG BEDAGAI,1,12 Agt 2015,https://www.youtube.com/watch?v=zIxa0UlUKWA,Debat Calon Bupati dan Wakil Bupati Serdang Bedagai 2010-2015 
528,346,KAB. SERDANG BEDAGAI,1,12 Agt 2015,https://www.youtube.com/watch?v=zIxa0UlUKWA,Debat Calon Bupati dan Wakil Bupati Serdang Bedagai 2010-2015 
529,352,KAB. SERDANG BEDAGAI,1,12 Agt 2015,https://www.youtube.com/watch?v=zIxa0UlUKWA,Debat Calon Bupati dan Wakil Bupati Serdang Bedagai 2010-2015 
530,406,KAB. SIDOARJO,1,10-Sep-15,,Visi Misi Hadi Sucipto Calon Bupati Sidoarjo 
531,433,KAB. SIDOARJO,1,10-Sep-15,https://www.youtube.com/watch?v=5F6jVVw_ZT8,Visi Misi Saiful Ilah Calon Bupati Sidoarjo 
532,626,KAB. SIDOARJO,1,8 Agt 2015,https://www.youtube.com/watch?v=9HWmXPAZd5U,WANI (Warih andono - Imam sugiri) 
533,626,KAB. SIDOARJO,1,10-Sep-15,https://www.youtube.com/watch?v=fmmBXhyWYR0,Visi Misi Warih Andono Calon Bupati Sidoarjo
534,443,KAB. SIDOARJO,1,2 Agt 2015,https://www.youtube.com/watch?v=4dUhfou0jQw,Calon Bupati Sidoarjo Mantan Napi Kasus Korupsi Mengaku Beri Mahar Demi Pilkada
535,443,KAB. SIDOARJO,1,10-Sep-15,https://www.youtube.com/watch?v=5qWyKRMAoYU,Visi Misi Usman Ihsan Calon Bupati Sidoarjo 
536,1236,KAB. SIGI,1,,Tidak ada,
537,1046,KAB. SIGI,1,,Tidak ada,
538,1048,KAB. SIGI,1,,Tidak ada,
539,1049,KAB. SIGI,1,,Tidak ada,
540,896,KAB. SIJUNJUNG,1,,Tidak ada,
541,900,KAB. SIJUNJUNG,1,,Tidak ada,
542,898,KAB. SIJUNJUNG,1,,Tidak ada,
543,128,KAB. SIMALUNGUN,1,,https://www.youtube.com/watch?v=IE5G0b_IX6I,KAMPANYE DAMAI KABUPATEN SIMALUNGUN 
544,566,KAB. SIMALUNGUN,1,,https://www.youtube.com/watch?v=IE5G0b_IX6I,KAMPANYE DAMAI KABUPATEN SIMALUNGUN 
545,129,KAB. SIMALUNGUN,1,,Tidak ada,
546,1203,KAB. SIMALUNGUN,1,26-Sep-15,https://www.youtube.com/watch?v=Z65aRGLUNII,NurPosma Nuriaty Damanik Calon Bupati Simalungun 2015 
547,1203,KAB. SIMALUNGUN,1,,https://www.youtube.com/watch?v=IE5G0b_IX6I,KAMPANYE DAMAI KABUPATEN SIMALUNGUN 
548,1204,KAB. SIMALUNGUN,1,,https://www.youtube.com/watch?v=IE5G0b_IX6I,KAMPANYE DAMAI KABUPATEN SIMALUNGUN 
549,892,KAB. SINTANG,1,,Tidak ada,
550,472,KAB. SINTANG,1,27-Jul-15,https://www.youtube.com/watch?v=0XLYd6M8zRI,Pendaptaran calon bupati sintang kalbar di kpu 
551,888,KAB. SINTANG,1,16-Feb-15,https://www.youtube.com/watch?v=K49ToNrsNOo,Agrianus Calon Bupati Sintang OMK Tayak Sepauk 
552,888,KAB. SINTANG,1,26-Apr-15,https://www.youtube.com/watch?v=hZFAGnso81w,agrianus calon bupati sintang 25 4 2015 di desa bangun 
553,456,KAB. SITUBONDO,1,6 Okt 2015,https://www.youtube.com/watch?v=Kzmnby1SuB8,IKLAN KAMPANYE PILKADA SITUBONDO PASLON 1 FAQIH UNTUNG 
554,759,KAB. SITUBONDO,1,15-Sep-15,https://www.youtube.com/watch?v=58G2bMyoJE8,IKLAN KAMPANYE CABUB CAWABUB SITUBONDO PASLON 3 DADI VERS 1
555,756,KAB. SITUBONDO,1,22-Sep-15,https://www.youtube.com/watch?v=0iTNtpMa7wM,LAGU HAFASS (calon Bupati Situbondo 2015-2021) 
556,416,KAB. SLEMAN,1,28-Jul-15,https://www.youtube.com/watch?v=vxf5OMu4jOI,Yuni - Danang Calon Bupati dan Wakil Bupati SLEMAN 
557,968,KAB. SLEMAN,1,1 Agt 2015,https://www.youtube.com/watch?v=vxJSkrCyK08,Deklarasi Pendaftaran Drs. H. Sri Purnomo M.Si & Hj. Sri Muslimatun M. Kes ke KPUD Sleman 1 
558,1121,KAB. SOLOK,1,,Tidak ada,
559,614,KAB. SOLOK,1,,Tidak ada,
560,1122,KAB. SOLOK,1,,Tidak ada,
561,891,KAB. SOLOK SELATAN,1,,Tidak ada,
562,293,KAB. SOLOK SELATAN,1,,Tidak ada,
563,248,KAB. SOPPENG,1,26 Agt 2015,https://www.youtube.com/watch?v=kc4WrjN1Qi0,PENGUNDIAN NO URUT CALON BUPATI DAN WAKIL BUPATI SOPPENG
564,248,KAB. SOPPENG,1,29-Jul-15,https://www.youtube.com/watch?v=WmQJ9aGTcIw,AKAR SUPER NAIK OJEK 
565,657,KAB. SOPPENG,1,26 Agt 2015,https://www.youtube.com/watch?v=kc4WrjN1Qi0,PENGUNDIAN NO URUT CALON BUPATI DAN WAKIL BUPATI SOPPENG
566,1115,KAB. SORONG SELATAN,1,,Tidak ada,
567,491,KAB. SORONG SELATAN,1,,Tidak ada,
568,641,KAB. SRAGEN,1,,Tidak ada,
569,347,KAB. SRAGEN,1,27-Mar-15,https://www.youtube.com/watch?v=qppdtEK262Y,H SUGIYAMTO BAKAL CALON BUPATI SRAGEN 
570,491,KAB. SORONG SELATAN,1,,Tidak ada,
571,347,KAB. SRAGEN,1,27-Mar-15,https://www.youtube.com/watch?v=qppdtEK262Y,H SUGIYAMTO BAKAL CALON BUPATI SRAGEN
572,641,KAB. SRAGEN,1,26-Jul-15,https://www.youtube.com/watch?v=xyJnaN_f2W4,Pilkada Sragen Calon Bupati 2015 Deklarasi Jago Jaka Sumanta - Gus Suro Jogo - Jembatan Gawan 
573,641,KAB. SRAGEN,1,10 Agt 2015,https://www.youtube.com/watch?v=QoJNZyqYyPE,"Bupati Agus Fatchurrahman :""Alun-alun ngarep Pemda di dol wae, nggo opo.....? "
574,232,KAB. SRAGEN,1,20 Agt 2015,https://www.youtube.com/watch?v=4epAwf8qO8k,"Orasi SEMANGAT Calon Bupati Sragen |Yuni-Dedy Menang, Sukowati BANGKIT "
575,612,KAB. SUKABUMI,1,14-Sep-15,https://www.youtube.com/watch?v=JWQiEbcvr2A,Pilih No. 3 Jajuli-Iman Maju-Beriman
576,1197,KAB. SUKABUMI,1,12 Okt 2015,https://www.youtube.com/watch?v=gRcZNZ7_jjQ,Marwan Adjo untuk Sukabumi lebih baik 
577,595,KAB. SUKABUMI,1,16-Jul-15,https://www.youtube.com/watch?v=7ApIh3TIfg0,TOTONG SUPARMAN-Calon Bupati Sukabumi 2015-2020 
578,596,KAB. SUKOHARJO,1,29-Jul-15,https://www.youtube.com/watch?v=WoKPZnOtuq8,Tampilan Serba Merah dalam Pendaftaran Calon Bupati Sukoharjo
579,702,KAB. SUKOHARJO,1,25 Agt 2015,https://www.youtube.com/watch?v=PIstKC3P938,"H Nurdin, SH, MM : Kabupaten Sukoharjo Perlu Fasilitas Untuk Anak-Anak. "
580,1108,KAB. SUMBA BARAT,1,,Tidak ada,
581,201,KAB. SUMBA BARAT,1,,Tidak ada,
582,1209,KAB. SUMBA BARAT,1,,Tidak ada,
583,202,KAB. SUMBA BARAT,1,,Tidak ada,
584,1107,KAB. SUMBA BARAT,1,,Tidak ada,
585,1210,KAB. SUMBA BARAT,1,,Tidak ada,
586,864,KAB. SUMBA TIMUR,1,,Tidak ada,
587,860,KAB. SUMBA TIMUR,1,,Tidak ada,
588,203,KAB. SUMBAWA,1,,Tidak ada,
589,1239,KAB. SUMBAWA,1,,Tidak ada,
590,302,KAB. SUMBAWA,1,,Tidak ada,
591,379,KAB. SUMBAWA BARAT,1,,Tidak ada,
592,581,KAB. SUMBAWA BARAT,1,13-Sep-15,https://www.youtube.com/watch?v=Cb8XGKV4FAA,nurmas bakal calon bupati dan wakil bupati sumbawa barat 
593,303,KAB. SUMBAWA BARAT,1,,Tidak ada,
594,995,KAB. SUMENEP,1,25 Agt 2015,https://www.youtube.com/watch?v=nKW526sSs38,CALON BUPATI SUMENEP ZAINAL ABIDIN PERIODE 2015-2020
595,610,KAB. SUMENEP,1,9 Okt 2015,https://www.youtube.com/watch?v=_ZoyhmYjMbA,Irwan DA2 Bersama Busyro Fauzi Di Serbu Warga
596,772,KAB. SUPIORI,1,,Tidak ada,
597,426,KAB. SUPIORI,1,,Tidak ada,
598,431,KAB. SUPIORI,1,,Tidak ada,
599,683,KAB. TABANAN,1,29-Jul-15,https://www.youtube.com/watch?v=61vsrT0Qwyk,DEKLARASI KOMPONEN MASYARAKAT TABANAN UNTUK EKAJAYA 2015 
600,696,KAB. TABANAN,1,8 Des 2014,https://www.youtube.com/watch?v=ykEw_R7AtOw,KETUT ABG DAFTAR CALON BUPATI TABANAN 
601,1217,KAB. TANA TIDUNG,1,,Tidak ada,
602,948,KAB. TANA TIDUNG,1,,Tidak ada,
603,954,KAB. TANA TIDUNG,1,,Tidak ada,
604,1023,KAB. TANA TORAJA,1,24-Sep-15,https://www.youtube.com/watch?v=NfoQu-wwZXo,Debat Calon Bupati Tana Toraja 
605,574,KAB. TANA TORAJA,1,24-Sep-15,https://www.youtube.com/watch?v=NfoQu-wwZXo,Debat Calon Bupati Tana Toraja 
606,719,KAB. TANA TORAJA,1,1-Sep-15,https://www.youtube.com/watch?v=9UvYw12h37I,"""ZEJATI"" untuk Tana Toraja yang ""Lebih Baik"""
607,719,KAB. TANA TORAJA,1,24-Sep-15,https://www.youtube.com/watch?v=NfoQu-wwZXo,Debat Calon Bupati Tana Toraja 
608,551,KAB. TANAH BUMBU,1,,Tidak ada,
609,549,KAB. TANAH BUMBU,1,13 Agt 2015,https://www.youtube.com/watch?v=A7m2tOpb6L0,KERENNYA CALON BUPATI TANAH BUMBU 2015 
610,628,KAB. TANAH DATAR,1,,Tidak ada,
611,552,KAB. TANAH DATAR,1,,Tidak ada,
612,869,KAB. TANAH DATAR,1,,Tidak ada,
613,723,KAB. TANAH DATAR,1,,Tidak ada,
614,679,KAB. TANJUNG JABUNG BARAT,1,,Tidak ada,
615,619,KAB. TANJUNG JABUNG BARAT,1,,Tidak ada,
616,500,KAB. TANJUNG JABUNG BARAT,1,,Tidak ada,
617,556,KAB. TANJUNG JABUNG TIMUR,1,,Tidak ada,
618,498,KAB. TANJUNG JABUNG TIMUR,1,,Tidak ada,
619,675,KAB. TAPANULI SELATAN,1,,Tidak ada,
620,396,KAB. TAPANULI SELATAN,1,,Tidak ada,
621,404,KAB. TAPANULI SELATAN,1,,Tidak ada,
622,714,KAB. TELUK BINTUNI,1,6 Agt 2015,https://www.youtube.com/watch?v=QHH4LcFyUHI,"CALON KANDIDAT BUPATI DAN WAKIL BUPATI @ DANIEL ASMOROM, SH, MM Dan YOHANIS MANIBUY "
623,714,KAB. TELUK BINTUNI,1,6 Agt 2015,https://www.youtube.com/watch?v=bxhgJyPbsTA,Penjemputan Kandidat Calon Bupati dan Wakil Bupati Kab.Teluk Bintuni Papua Barat 
624,510,KAB. TELUK BINTUNI,1,,Tidak ada,
625,563,KAB. TELUK BINTUNI,1,,Tidak ada,
626,1039,KAB. TELUK WONDAMA,1,10-Sep-15,https://www.youtube.com/watch?v=JzvfhhsifiE,Lagu Pilkada - Teluk Wondama 
627,1040,KAB. TELUK WONDAMA,1,10-Sep-15,https://www.youtube.com/watch?v=JzvfhhsifiE,Lagu Pilkada - Teluk Wondama 
628,1037,KAB. TELUK WONDAMA,1,10-Sep-15,https://www.youtube.com/watch?v=JzvfhhsifiE,Lagu Pilkada - Teluk Wondama 
629,82,KAB. TOBA SAMOSIR,1,,Tidak ada,
630,728,KAB. TOBA SAMOSIR,1,,Tidak ada,
631,337,KAB. TOBA SAMOSIR,1,,Tidak ada,
632,1058,KAB. TOJO UNA UNA,1,,Tidak ada,
633,1069,KAB. TOJO UNA UNA,1,1-Sep-15,https://www.youtube.com/watch?v=REx7sVdbZR4,Aizz & Friend's - Salam Dua Jari ( Mad Admin ) 
634,1069,KAB. TOJO UNA UNA,1,5-Sep-15,https://www.youtube.com/watch?v=a_BMY4KMEI4,Aizz & Friend's - Touna Hebat
635,1063,KAB. TOJO UNA UNA,1,,Tidak ada,
636,1067,KAB. TOJO UNA UNA,1,,Tidak ada,
637,1071,KAB. TOJO UNA UNA,1,,Tidak ada,
638,1081,KAB. TOLI TOLI,1,7 Mei 2015,https://www.youtube.com/watch?v=-Z0P3co7ozk,AYAH eps.1 (keluarga) 
639,1085,KAB. TOLI TOLI,1,31-Jul-15,https://www.youtube.com/watch?v=_dN8PeMlViY,Deklarasi ISKANDAR NASIR - NURDIN HK 
640,1083,KAB. TOLI TOLI,1,,Tidak ada,
641,1087,KAB. TOLI TOLI,1,,Tidak ada,
642,706,KAB. TORAJA UTARA,1,,Tidak ada,
643,632,KAB. TORAJA UTARA,1,,Tidak ada,
644,376,KAB. TRENGGALEK,1,28 Agt 2015,https://www.youtube.com/watch?v=gewl5ZTzbm8,Undian Nomor Urut Pasangan Calon Bupati-Wakil Bupati Kab. Trenggalek 
645,214,KAB. TRENGGALEK,1,28 Agt 2015,https://www.youtube.com/watch?v=gewl5ZTzbm8,Undian Nomor Urut Pasangan Calon Bupati-Wakil Bupati Kab. Trenggalek 
646,656,KAB. TUBAN,1,25 Agt 2015,https://www.youtube.com/watch?v=_RhcXRPoOGs,KPU TUBAN TETAPKAN PASANGAN CABUP
647,656,KAB. TUBAN,1,7-Sep-15,https://www.youtube.com/watch?v=rcNMHq_j9oI,2 PASANGAN CABUP DEKLARASIKAN PILKADA DAMAI 
648,605,KAB. TUBAN,1,25 Agt 2015,https://www.youtube.com/watch?v=_RhcXRPoOGs,KPU TUBAN TETAPKAN PASANGAN CABUP
649,605,KAB. TUBAN,1,7-Sep-15,https://www.youtube.com/watch?v=rcNMHq_j9oI,2 PASANGAN CABUP DEKLARASIKAN PILKADA DAMAI 
650,564,KAB. WAKATOBI,1,28-Jul-15,https://www.youtube.com/watch?v=ZlQZjP5U-bw,"KANTOR KPU WAKATOBI ""DIKEPUNG"" PENDUKUNG HALIANA SYAWAL 02 "
651,353,KAB. WAKATOBI,1,26-Jul-15,https://www.youtube.com/watch?v=2-ORWEKxiBQ,"Diarak Ribuan Pendukung, Arhawi-Ilmiati Jalan Kaki Mendaftar di KPUD "
652,975,KAB. WAROPEN,1,,Tidak ada,
653,979,KAB. WAROPEN,1,,Tidak ada,
654,432,KAB. WAROPEN,1,,Tidak ada,
655,980,KAB. WAROPEN,1,,Tidak ada,
656,977,KAB. WAROPEN,1,,Tidak ada,
657,603,KAB. WAY KANAN,1,,Tidak ada,
658,572,KAB. WAY KANAN,1,,Tidak ada,
659,846,KAB. WONOGIRI,1,2 Agt 2015,https://www.youtube.com/watch?v=l2JpLkUsBlQ,"Pidato Calon Bupati Wonogiri HAMID-WAWAN, menghentakkan Hati terbaru"
660,365,KAB. WONOGIRI,1,27-Jul-15,https://www.youtube.com/watch?v=9P-o_LVMPvc,PILKADA WONOGIRI DEKLARASI DI TEMPAT BERSEJARAH LANGSUNG DAFTAR BUPATI 
661,174,KAB. WONOSOBO,1,,Tidak ada,
662,700,KAB. WONOSOBO,1,8-Sep-15,https://www.youtube.com/watch?v=ov5QnQhuejE,Calon Bupati dan Wakil Bupati Wonosobo: Maya- Eko (MaE 1) Periode 2016-2021 
663,704,KAB. WONOSOBO,1,,Tidak ada,
664,899,KAB. WONOSOBO,1,,Tidak ada,
665,80,KAB. YAHUKIMO,1,,Tidak ada,
666,582,KAB. YAHUKIMO,1,,Tidak ada,
667,1248,KAB. YAHUKIMO,1,,Tidak ada,
668,631,KAB. YALIMO,1,,Tidak ada,
669,576,KAB. YALIMO,1,,Tidak ada,
670,637,KAB. YALIMO,1,,Tidak ada,
671,315,KALIMANTAN SELATAN,1,12-Sep-15,https://www.youtube.com/watch?v=t7xcIjacBF0,SAHBIRIN NOOR KUNJUNGI KOTABARU 
672,315,KALIMANTAN SELATAN,1,23 Agt 2015,https://www.youtube.com/watch?v=c_wkQ44w-Pw,BIOGRAFI SAHBIRIN NOOR 
673,221,KALIMANTAN SELATAN,1,9 Agt 2015,https://www.youtube.com/watch?v=E4sPwIG-mzI,Pilih Zairullah Azhar - Muhammad Safi'i 
674,110,KALIMANTAN SELATAN,1,22 Agt 2015,https://www.youtube.com/watch?v=HgYfr2Ba2So,Muhidin Farid Calon Gubernur Kalsel Independen Murah Senyum 
675,417,KALIMANTAN TENGAH,1,,Tidak ada,
676,1156,KALIMANTAN TENGAH,1,23-Sep-15,https://www.youtube.com/watch?v=5GEUOK86ZDM,aksi relawan cagub kalteng sohib berkah nomor 1 
677,1156,KALIMANTAN TENGAH,1,22-Sep-15,https://www.youtube.com/watch?v=6j69rWCFdJM,SOHIB (Untuk Kalteng Berkah) (H.Sugianto Sabran - Habib H. Said Ismail)
678,414,KALIMANTAN TENGAH,1,2-Jul-15,https://www.youtube.com/watch?v=geRk-_lge6g,Artis Dukung Ujang Iskandar To KALTENG 15_20 LIVE
679,305,KALIMANTAN UTARA,1,13-Jun-15,https://www.youtube.com/watch?v=iNYQN5EEv5E,VIDEO Jusuf SK Marthin Billa Deklarasi Jelang Pilgub Kaltara 
680,394,KALIMANTAN UTARA,1,16-Jul-15,https://www.youtube.com/watch?v=t1pIrWi2G4I,H. Irianto Lambrie dan Keluarga 
681,727,KEPULAUAN RIAU,1,25-Sep-15,https://www.youtube.com/watch?v=eUGnEdxox9E,HM Sani Ingatkan Pentingnya Silaturahmi dan Persaudaraan 
682,413,KEPULAUAN RIAU,1,28-Jul-15,https://www.youtube.com/watch?v=4JgZZWiccl0,Soerya Respationo dan keluarga disambut barongsai dan reog 
683,671,KOTA BALIKPAPAN,1,1-Sep-15,https://www.youtube.com/watch?v=rbcLENAWsE0,Ini dia Visi Misi Lengkap Heru Bambang - Sirajuddin #kawalpilkada 
684,672,KOTA BALIKPAPAN,1,1-Sep-15,https://www.youtube.com/watch?v=dag9CMY5vhA,VISI MISI ANDI BURHANUDDIN SOLONG UNTUK WARGA BALIKPAPAN 
685,371,KOTA BALIKPAPAN,1,9-Jun-15,https://www.youtube.com/watch?v=7Jce_iddsZM,Rizal - Heru Siap Bertarung di Pilkada Balikpapan 2015 
686,371,KOTA BALIKPAPAN,1,9-Jun-15,https://www.youtube.com/watch?v=WRK3A1jtGAc,Deklarasi Calon Walikota dan Wakil Walikota Kota Balikpapan 
687,377,KOTA BANDAR LAMPUNG,1,27-Mar-14,https://www.youtube.com/watch?v=FtPBrFOa8QQ,HERMAN HN LAMPUNG OK 
688,222,KOTA BANDAR LAMPUNG,1,30-Sep-15,https://www.youtube.com/watch?v=NLz-djUyAig,Aksi pendukung Muhammad Yunus dalam Debat Publik Calon Walikota Bandarlampung 2015 
689,216,KOTA BANDAR LAMPUNG,1,30-Sep-15,https://www.youtube.com/watch?v=KlhY8xZdC_U,Yel-yel pendukung Thobroni Harun 
690,366,KOTA BANJARBARU,1,29-Jul-15,https://www.youtube.com/watch?v=KM1utgtXah0,JOKO TRIONO & SOEGENG SOESANTO KONVOI DAFTAR KE KPU 
691,770,KOTA BANJARBARU,1,20-Sep-15,https://www.youtube.com/watch?v=eIKjordmOz8,Begini Ternyata Cara Incumbent Silaturahmi dengan Warga 
692,100,KOTA BANJARBARU,1,27-Jul-15,https://www.youtube.com/watch?v=5TkFnDd5-8M,AKSI RELAWAN NADJMI - JAYA SAAT PROSES PENDAFTARAN KE KPU BANJARBARU 
693,734,KOTA BANJARMASIN,1,28 Agt 2015,https://www.youtube.com/watch?v=548Hg8Lk6oE,"2 Z Laju Banar ""Satukan Tekad, Bangkit Berkarya untuk Perubahan"" periode 2016-2021 "
694,39,KOTA BANJARMASIN,1,,Tidak ada,
695,731,KOTA BANJARMASIN,1,13 Okt 2015,https://www.youtube.com/watch?v=azqrrEzOvJE,Ibnu Sina Minta Restu Alim Ulama 1 
696,830,KOTA BATAM,1,10 Agt 2015,https://www.youtube.com/watch?v=hFM1Y5Gqwsc,Rudi-Amsakar Minta Masukan Dari Tim Redaksi Batam TV 
697,442,KOTA BATAM,1,15-Sep-15,https://www.youtube.com/watch?v=CjGngT_Sl2o,Kopi Rialis Part 2 (Tiban Koperasi) 
698,516,KOTA BINJAI,1,,Tidak ada,
699,712,KOTA BINJAI,1,29-Jul-15,https://www.youtube.com/watch?v=rgAka-mQyXk,peserta calon walikota dan wakil walikota binjai priode 2016 2021 
700,515,KOTA BINJAI,1,,Tidak ada,
701,560,KOTA BITUNG,1,28-Jul-15,https://www.youtube.com/watch?v=fbYIEunDoMQ,Pilkada Kota Bitung - Honandar Kaloh Ingin Kota Bitung Aman & Damai
702,235,KOTA BITUNG,1,28-Jul-15,https://www.youtube.com/watch?v=X6SkowNoIyU,Pilkada Kota Bitung - Pasangan Pasuma Karundeng Paling Siap 
703,155,KOTA BITUNG,1,19-Mar-15,https://www.youtube.com/watch?v=c1LU9mCw8mI,"Visi calon walikota Bitung, Michael Jacobus, SH.MH mengenai peningkatan SDM di Bitung "
704,395,KOTA BITUNG,1,,Tidak ada,
705,158,KOTA BITUNG,1,,Tidak ada,
706,408,KOTA BITUNG,1,,Tidak ada,
707,92,KOTA BLITAR,1,25 Agt 2015,https://www.youtube.com/watch?v=_ppaGpCv3-s,"Pasangan Calon Walikota Tentukan Nomor Urut Dengan Cara Suit Di Blitar, Jatim - iNews Malam 25/08 "
708,300,KOTA BLITAR,1,25 Agt 2015,https://www.youtube.com/watch?v=_ppaGpCv3-s,"Pasangan Calon Walikota Tentukan Nomor Urut Dengan Cara Suit Di Blitar, Jatim - iNews Malam 25/08 "
709,697,KOTA BONTANG,1,28-Jul-15,https://www.youtube.com/watch?v=wXm5uMO30W4,"pendaftaran Adi Darma - Isro Umargani ke KPUD Bontang, pilkada Bontang 2015 "
710,710,KOTA BONTANG,1,9-Jun-15,https://www.youtube.com/watch?v=bE80vr4zgaM,Deklarasi Pasangan Neni Moerniaeni - Basri Rase 
711,904,KOTA BUKITTINGGI,1,,Tidak ada,
712,912,KOTA BUKITTINGGI,1,8-Nov-14,https://www.youtube.com/watch?v=rPLz-2Vto38&spfreload=10,Rang Mudo Calon Walikota Bukittinggi 2015 
713,912,KOTA BUKITTINGGI,1,16 Agt 2015,https://www.youtube.com/watch?v=FyuY6G8jRi0,FEBBY - ZUL IFKAR CALON DAN WAKIL WALIKOTA BUKITTINGGI
714,905,KOTA BUKITTINGGI,1,,Tidak ada,
715,910,KOTA BUKITTINGGI,1,8 Okt 2015,https://www.youtube.com/watch?v=ieTvwAbx4mk,Harma zaldi rahmi di dukung masyarakat bukittinggi 
716,78,KOTA BUKITTINGGI,1,2 Okt 2015,https://www.youtube.com/watch?v=LCauoHTG2Hw,Bukiktinggi sabananyo RI 4 
717,391,KOTA CILEGON,1,19 Mei 2015,https://www.youtube.com/watch?v=qPdo-T3_NTo,Kabar Berita Banten : Edi Ariadi Akui Siap Dampingi Incumbent Iman Ariyadi
718,37,KOTA CILEGON,1,26-Jul-15,https://www.youtube.com/watch?v=gClueM9UKfg,H SUDARMANA MAJU SEBAGAI CALON WALIKOTA CILEGON TAHUN 2015 
719,1260,KOTA DENPASAR,1,15-Sep-15,https://www.youtube.com/watch?v=nw6aFfCklgk,PENYAMPAIAN VISI MISI CALON WALIKOTA 
720,1261,KOTA DENPASAR,1,23-Sep-15,https://www.youtube.com/watch?v=-NE3--czvkw,PAKET AS KUNJUNGI GEDUNG PERS BALI K NADHA
721,295,KOTA DENPASAR,1,21-Sep-15,https://www.youtube.com/watch?v=5YwddH0iRS8,RAI MANTRA KOMIT CIPTAKAN DENPASAR KREATIF BERWAWASAN BUDAYA 
722,364,KOTA DEPOK,1,27-Jul-15,https://www.youtube.com/watch?v=Z21vmdKsQEU,Dimas Oky Nugroho dan Babai Suhaimi Mendaftar PILKADA ke KPUD Depok 
723,438,KOTA DEPOK,1,28-Jul-15,https://www.youtube.com/watch?v=2mDXJ2c0h8U,Biar dikeroyok Pasangan Idris Abdul Shomad dan Pradi Siap 
724,800,KOTA DUMAI,1,31-Jul-15,https://www.youtube.com/watch?v=hjVEAEZV_QM,Pasangan MUHAMMAD IKHSAN-YANTI KOMALA Menyerahkan Berkas Pendaftaran ke KPU Dumai 
725,504,KOTA DUMAI,1,15-Feb-15,https://www.youtube.com/watch?v=ueZxtlt4-0M,Calon Walikota Dumai Priode 2015 - 2020 . Mari Bung Rebut Kembali 
726,805,KOTA DUMAI,1,21-Sep-15,https://www.youtube.com/watch?v=0hnO2ZKHAMc,Video Klip Paslon Walikota dan Wakil Walikota Dumai Agus Widayat-Maman Sufriadi 
727,215,KOTA DUMAI,1,27-Jul-15,https://www.youtube.com/watch?v=XRmx7_WCKWM,Bagian III: Deklarasi Koalisi Partai Pengusung Pasangan Cawako dan Cawako Dumai Abdul Kasim-Nuraini 
728,87,KOTA DUMAI,1,2-Sep-15,https://www.youtube.com/watch?v=RBjBXLV6-Qw,AMRIS KUNJUNGI DUMAI POS 
729,59,KOTA MAGELANG,1,6 Okt 2015,https://www.youtube.com/watch?v=YSWH8ZpmQnI,Pemilihan Walikota dan Wakil Walikota Magelang 2015 2020 - DEBAT TATV - Part 01 - 30/09/2015 
730,802,KOTA MAGELANG,1,6 Okt 2015,https://www.youtube.com/watch?v=YSWH8ZpmQnI,Pemilihan Walikota dan Wakil Walikota Magelang 2015 2020 - DEBAT TATV - Part 01 - 30/09/2015 
731,872,KOTA MANADO,1,17 Okt 2015,https://www.youtube.com/watch?v=egOQMZWPPVc,RELAWAN CALON WALI KOTA MANADO - HJP & TORANG- STEVY REGAR.AMd.ab.S.Pd. 
732,884,KOTA MANADO,1,27-Feb-15,https://www.youtube.com/watch?v=rkc-9wX7WeU,"GODBLESS Youth Manado,Menuju Manado Kota Cerdas"
733,875,KOTA MANADO,1,4 Agt 2015,https://www.youtube.com/watch?v=i36UOENl-F8,Berita 4 Agustus 2015 - VIDEO Tersangka dan Mantan Napi Ikut Pilkada - Kontroversi Pilkada Serentak 
734,881,KOTA MANADO,1,24-Sep-15,https://www.youtube.com/watch?v=FU-6SLSmAKE,Calon Walikota & Wakil Walikota MANADO 2015 - 2020 
735,205,KOTA MATARAM,1,14 Agt 2015,https://www.youtube.com/watch?v=gUM7zmRXx3I,Deklarasi Calon Walikota Mataram Paket AMAN - H. Ahyar Abduh dan H. Mohan Roliskana | 26 Juli 2015 
736,1196,KOTA MATARAM,1,,Tidak ada,
737,914,KOTA MEDAN,1,26 Agt 2015,https://www.youtube.com/watch?v=ssIIEqaXtQM,"Pengundian Nomor Urut Calon Walikota Medan, BENAR Nomor SATU"
738,920,KOTA MEDAN,1,12-Sep-15,https://www.youtube.com/watch?v=R3c4eg7CJLU,KAMPANYE HITAM PILKADA MEDAN ? NO WAY ! 
739,577,KOTA METRO,1,,Tidak ada,
740,590,KOTA METRO,1,,Tidak ada,
741,244,KOTA METRO,1,,Tidak ada,
742,587,KOTA METRO,1,26 Mei 2015,https://www.youtube.com/watch?v=zrkt5FKsLLg,"Abdul Hakim - Metro Unggul, Nyaman, Sejahtera "
743,344,KOTA METRO,1,12-Feb-15,https://www.youtube.com/watch?v=X9v3OQuysa0,Calon Walikota Kota Metro 2015 
744,777,KOTA PALU,1,8-Jul-14,https://www.youtube.com/watch?v=HlRpPHUm5qs,Persembahan Cinta Sang Pendobrak (Drs Hidayat M.Si)untuk Kota Palu 
745,777,KOTA PALU,1,25 Agt 2015,https://www.youtube.com/watch?v=1Axh69MNW7k,Calon Wakil Walikota Palu Pasha Unggu Nomor Urut 1 
746,745,KOTA PALU,1,25 Agt 2015,https://www.youtube.com/watch?v=c-J7YKCUESs,JALAN SEHAT KAMPANYE HATI 
747,752,KOTA PALU,1,,Tidak ada,
748,768,KOTA PALU,1,20-Mar-15,https://www.youtube.com/watch?v=T10DBccQIYc,Sama-Sama Kita Lee ! 
749,688,Kab. PASURUAN,1,,Tidak ada,
750,103,Kab. PASURUAN,1,,Tidak ada,
751,687,Kab. PASURUAN,1,,Tidak ada,
752,924,KOTA PEKALONGAN,1,,Tidak ada,
753,966,KOTA PEKALONGAN,1,,Tidak ada,
754,927,KOTA PEKALONGAN,1,,Tidak ada,
755,287,KOTA PEMATANG SIANTAR,1,15 Agt 2015,https://www.youtube.com/watch?v=w_3NPKZ0AqE,Flashmob TRS Teddy Robinson Siahaan. Calon walikota Pematangsiantar 
756,287,KOTA PEMATANG SIANTAR,1,7-Nov-14,https://www.youtube.com/watch?v=2O7PUKc39TI,Teddy Robinson Siahaan 
757,935,KOTA PEMATANG SIANTAR,1,4-Jul-15,https://www.youtube.com/watch?v=YFAj1Ty_kM8,WESLY SILALAHI SIAP MEMBANGUN SIANTAR 
758,935,KOTA PEMATANG SIANTAR,1,14-Sep-15,https://www.youtube.com/watch?v=VoLWRg97npg,SIANTAR Cerdas Aman Sejahtera Bersama Wesly Silalahi 
759,167,KOTA PEMATANG SIANTAR,1,,Tidak ada,
760,286,KOTA PEMATANG SIANTAR,1,29 Agt 2015,https://www.youtube.com/watch?v=WntIOAf94BI,TS Hulman Tagih Janjinya 27 Miliar 
761,1244,KOTA SAMARINDA,1,30-Sep-15,https://www.youtube.com/watch?v=EQceCRC-Z5k,Pengundian Nomor Urut Pasangan Calon Walikota dan Wakil Walikota Samarinda 
762,668,KOTA SAMARINDA,1,30-Sep-15,https://www.youtube.com/watch?v=EQceCRC-Z5k,Pengundian Nomor Urut Pasangan Calon Walikota dan Wakil Walikota Samarinda 
763,263,KOTA SEMARANG,1,13 Agt 2015,https://www.youtube.com/watch?v=PTz0pPgdMKM,Mata Najwa - Soemarmo Calon Walikota Semarang Blak Blakan Soal Kasus Korupsi Dirinya 
764,703,KOTA SEMARANG,1,10-Sep-15,https://www.youtube.com/watch?v=2vvYRD6gNcU,"PILWAKOT SEMARANG, HENDI ITA MANTAPKAN DUKUNGAN "
765,332,KOTA SEMARANG,1,13-Sep-15,https://www.youtube.com/watch?v=4x9iYw2BKC4,"PILWAKOT SEMARANG, SIGIT WACANAKAN BUMD NELAYAN "
766,555,KOTA SIBOLGA,1,25-Sep-15,https://www.youtube.com/watch?v=bgQHZDepCMA,DEBAT CALON WALIKOTA DAN WAKIL WALIKOTA SIBOLGA 2015 
767,705,KOTA SIBOLGA,1,25-Sep-15,https://www.youtube.com/watch?v=bgQHZDepCMA,DEBAT CALON WALIKOTA DAN WAKIL WALIKOTA SIBOLGA 2015 
768,437,KOTA SOLOK,1,,Tidak ada,
769,1106,KOTA SOLOK,1,,Tidak ada,
770,871,KOTA SOLOK,1,,Tidak ada,
771,372,KOTA SUNGAI PENUH,1,10 Okt 2015,https://www.youtube.com/watch?v=jmadCrPwjII,HEKTAR-NJR (Herman Muchtar-Nuzran Joher) 
772,735,KOTA SUNGAI PENUH,1,12-Nov-12,https://www.youtube.com/watch?v=25BGgqUGVSc,Wazirman : Konferensi Pers Cawako Sungai Penuh Prof. AJB.
773,579,KOTA SUNGAI PENUH,1,4 Mei 2015,https://www.youtube.com/watch?v=BVveIW48q5E,"Feri Satria Calon wako Sei penuh"" Pada sebidang tanah"" "
774,253,KOTA SURABAYA,1,25-Sep-15,https://www.youtube.com/watch?v=rB28pLkHCnk,"Jelang Pilkada Surabaya Calon Walikota Mengikuti Rapat Pleno Penetapan No Urut , Risma-Wisnu No 2 "
775,1240,KOTA SURABAYA,1,25-Sep-15,https://www.youtube.com/watch?v=rB28pLkHCnk,"Jelang Pilkada Surabaya Calon Walikota Mengikuti Rapat Pleno Penetapan No Urut , Risma-Wisnu No 2 "
776,964,KOTA SURAKARTA,1,21 Okt 2015,https://www.youtube.com/watch?v=t5zYdjxCYZY,FULL! KETEGANGAN Debat 2 Calon Walikota Surakarta - Berita Terbaru Hari Ini 21/10/2015
777,962,KOTA SURAKARTA,1,21 Okt 2015,https://www.youtube.com/watch?v=t5zYdjxCYZY,FULL! KETEGANGAN Debat 2 Calon Walikota Surakarta - Berita Terbaru Hari Ini 21/10/2015
778,381,KOTA TANGERANG SELATAN,1,28-Jul-15,https://www.youtube.com/watch?v=Py8Ufgyw-MQ,Pasangan Calon Wali Kota Tangsel Arsid-Elvier Daftar Hari Terakhir 
779,370,KOTA TANGERANG SELATAN,1,28-Jul-15,https://www.youtube.com/watch?v=Py8Ufgyw-MQ,Pasangan Calon Wali Kota Tangsel Arsid-Elvier Daftar Hari Terakhir 
780,370,KOTA TANGERANG SELATAN,1,5 Okt 2015,https://www.youtube.com/watch?v=xzHWDPI0G8k,Deklarasi Airin Rachmi Diany & Benyamin Davnie (Calon Walikota dan Wakil Walikota Tangsel 2016-2021) 
781,744,KOTA TANGERANG SELATAN,1,28-Jul-15,https://www.youtube.com/watch?v=Py8Ufgyw-MQ,Pasangan Calon Wali Kota Tangsel Arsid-Elvier Daftar Hari Terakhir 
782,753,KOTA TANJUNG BALAI,1,10 Okt 2015,https://www.youtube.com/watch?v=y96QBCTFMSk,MAJULAH ROLEL HARAHAP DAN ROMAY NOOR
783,763,KOTA TANJUNG BALAI,1,,Tidak ada,
784,436,KOTA TANJUNG BALAI,1,26-Sep-15,https://www.youtube.com/watch?v=sGvAXBbYqLU,HAMDA KOTA TANJUNGBALAI 3 (WAK UTEH GROUP)
785,750,KOTA TANJUNG BALAI,1,19-Sep-15,https://www.youtube.com/watch?v=lq4HyJxmYlQ,Tanjung Balai akan maju terus. Bersama no 4.
786,354,KOTA TERNATE,1,,Tidak ada,
787,492,KOTA TERNATE,1,,Tidak ada,
788,151,KOTA TERNATE,1,,Tidak ada,
789,493,KOTA TERNATE,1,,Tidak ada,
790,62,KOTA TIDORE KEPULAUAN,1,,Tidak ada,
791,1133,KOTA TIDORE KEPULAUAN,1,,Tidak ada,
792,1134,KOTA TIDORE KEPULAUAN,1,,Tidak ada,
793,373,KOTA TOMOHON,1,25 Agt 2015,https://www.youtube.com/watch?v=kWon6uZEvek,GOTV NEWS TOMOHON NOMOR URUT CALON WALIKOTA DAN WAKIL WALIKOTA
794,615,KOTA TOMOHON,1,23-Sep-15,https://www.youtube.com/watch?v=KGtxPDUpM7A,BERLIAN (Bersama Linneke Ferdinand)
795,659,KOTA TOMOHON,1,25 Agt 2015,https://www.youtube.com/watch?v=kWon6uZEvek,GOTV NEWS TOMOHON NOMOR URUT CALON WALIKOTA DAN WAKIL WALIKOTA
796,673,SULAWESI TENGAH,1,12 Juni 2015,https://www.youtube.com/watch?v=GdLwSiv_4YI,LONGKI DJANGGOLA - PESAN UNTUK GENERASI MUDA
797,739,SULAWESI TENGAH,1,25 Agt 2015,https://www.youtube.com/watch?v=-EiJFzLaMq0,BAWASLU SULTENG - PROFILE PASANGAN CALON GUBERNUR & WAKIL GUBERNUR SULAWESI TENGAH PILKADA 2015
798,746,SULAWESI UTARA,1,29 Agt 2015,https://www.youtube.com/watch?v=Bd4kWEPHPFE,"CalonGubernur Permpuan Kader Demokrat, Maya Rumantir Sampaikan Visi Misi dan Gaet Gerindra"
799,325,SULAWESI UTARA,1,9 okt 2015,https://www.youtube.com/watch?v=vNUnqXXe41E,Siapa Olly Dondokambey 3
800,877,SUMATERA BARAT,1,4 juli 2015,https://www.youtube.com/watch?v=zwB1SDavENI,PADANG TV-IKLAN MUSLIM KASIM
801,399,SUMATERA BARAT,1,8 okt 2015,https://www.youtube.com/watch?v=oWijYvKEM8Q,Video Pemenangan - Irwan Prayitno dan Nasrul Abit 9 Desember 2015
802,782,SUMATERA SELATAN,1,22 okt 2015,https://www.youtube.com/watch?v=tr6NvlsJQLw,calon bupati nomor 1 . HM. KHOLID.MD& FERY ANTONI ( MARTAPURA .SUMATERA SELATAN)
803,518,SUMATERA SELATAN,1,21 agt 2015,https://www.youtube.com/watch?v=FyIFkc-Iwfk,MOHON DOA RESTU MASYARAKAT BUMI OKU TIMUR - EDWARD JAYA - SUGENG SUPRIYANTO - SEBIDUK SEHALUAN
804,1231,SUMATERA SELATAN,1,,Tidak ada,
